date,trs_score,rationale,article_count,country_mention_count,risk_signal_count,positive_signal_count
2017.01.01,83.5,baseline,13,4,0,1
2017.01.02,81.2,baseline,7,1,0,0
2017.01.03,59.8,baseline,12,1,1,1
2017.01.04,91.7,baseline,9,4,0,0
2017.01.05,76.3,baseline,4,0,0,0
2017.01.06,64.0,baseline,9,0,0,0
2017.01.07,98.7,baseline,6,1,3,1
2017.01.08,93.5,baseline,8,1,2,0
2017.01.09,90.1,baseline,7,1,0,2
2017.01.10,67.6,baseline,7,2,0,0
2017.01.11,30.9,baseline,7,2,1,0
2017.01.12,36.4,baseline,9,2,1,0
2017.01.13,113.5,baseline,6,2,1,1
2017.01.14,117.1,baseline,9,3,2,1
2017.01.15,66.9,baseline,7,0,1,0
2017.01.16,152.3,low risk,5,1,0,0
2017.01.17,130.9,baseline,5,1,0,1
2017.01.18,140.5,baseline,10,1,1,1
2017.01.19,164.1,low risk,11,5,1,1
2017.01.20,70.6,baseline,7,0,0,0
2017.01.21,74.1,baseline,14,3,0,2
2017.01.22,34.5,baseline,13,3,1,3
2017.01.23,111.4,baseline,7,4,0,1
2017.01.24,123.5,baseline,7,3,2,1
2017.01.25,125.0,baseline,2,1,0,0
2017.01.26,156.6,low risk,9,1,2,1
2017.01.27,137.1,baseline,7,1,0,1
2017.01.28,33.9,baseline,7,2,0,1
2017.01.29,82.7,baseline,7,1,0,0
2017.01.30,128.5,baseline,8,2,1,2
2017.01.31,227.5,low risk,11,4,0,2
2017.02.01,196.3,low risk,2,2,0,1
2017.02.02,203.3,low risk,8,5,0,2
2017.02.03,186.0,low risk,6,1,1,0
2017.02.04,194.3,low risk,5,1,0,0
2017.02.05,187.5,low risk,11,3,2,0
2017.02.06,143.0,baseline,9,2,3,1
2017.02.07,169.1,low risk,11,2,1,0
2017.02.08,199.3,low risk,9,2,0,0
2017.02.09,160.1,low risk,10,2,1,3
2017.02.10,155.8,low risk,7,4,0,0
2017.02.11,50.2,baseline,11,2,0,3
2017.02.12,23.5,baseline,10,2,0,0
2017.02.13,0.0,baseline,9,2,1,1
2017.02.14,41.8,baseline,10,0,1,0
2017.02.15,91.9,baseline,8,3,0,1
2017.02.16,116.2,baseline,4,0,0,1
2017.02.17,135.8,baseline,8,3,0,1
2017.02.18,184.2,low risk,9,1,1,0
2017.02.19,127.8,baseline,6,2,0,0
2017.02.20,81.9,baseline,6,3,0,0
2017.02.21,167.9,low risk,14,2,0,0
2017.02.22,166.9,low risk,7,2,0,0
2017.02.23,148.8,baseline,4,2,0,1
2017.02.24,61.4,baseline,6,2,0,0
2017.02.25,134.3,baseline,10,3,0,1
2017.02.26,112.3,baseline,4,1,0,0
2017.02.27,193.6,low risk,16,3,1,0
2017.02.28,171.9,low risk,12,2,2,1
2017.03.01,193.4,low risk,8,2,0,0
2017.03.02,126.7,baseline,5,1,0,0
2017.03.03,125.6,baseline,5,1,1,0
2017.03.04,112.8,baseline,8,2,0,0
2017.03.05,104.0,baseline,9,3,0,0
2017.03.06,179.0,low risk,6,1,0,0
2017.03.07,99.9,baseline,10,4,1,3
2017.03.08,87.4,baseline,9,2,0,0
2017.03.09,104.2,baseline,14,5,2,0
2017.03.10,109.0,baseline,4,2,0,2
2017.03.11,77.8,baseline,8,2,1,1
2017.03.12,104.5,baseline,9,3,0,1
2017.03.13,116.8,baseline,5,1,0,0
2017.03.14,70.1,baseline,9,2,0,1
2017.03.15,89.7,baseline,12,2,1,2
2017.03.16,90.8,baseline,7,3,0,1
2017.03.17,120.3,baseline,10,3,0,0
2017.03.18,136.1,baseline,7,0,0,0
2017.03.19,96.4,baseline,10,1,0,0
2017.03.20,82.4,baseline,12,4,0,0
2017.03.21,44.9,baseline,9,2,1,1
2017.03.22,41.2,baseline,7,1,1,4
2017.03.23,51.0,baseline,9,1,0,0
2017.03.24,68.4,baseline,9,5,0,2
2017.03.25,43.8,baseline,6,1,0,1
2017.03.26,18.0,baseline,9,3,1,0
2017.03.27,0.0,baseline,8,2,0,1
2017.03.28,85.9,baseline,7,2,0,0
2017.03.29,129.3,baseline,4,0,0,1
2017.03.30,197.7,low risk,7,3,0,2
2017.03.31,151.3,low risk,5,2,0,0
2017.04.01,136.3,baseline,7,0,0,2
2017.04.02,175.0,low risk,11,4,1,1
2017.04.03,184.5,low risk,8,2,1,1
2017.04.04,170.3,low risk,11,3,0,1
2017.04.05,162.7,low risk,9,1,1,1
2017.04.06,182.1,low risk,8,3,0,0
2017.04.07,170.4,low risk,10,6,0,0
2017.04.08,120.2,baseline,10,6,2,0
2017.04.09,113.8,baseline,7,1,0,0
2017.04.10,101.0,baseline,2,0,0,0
2017.04.11,108.6,baseline,7,1,0,0
2017.04.12,122.2,baseline,6,3,0,0
2017.04.13,89.6,baseline,7,0,0,0
2017.04.14,80.5,baseline,6,1,0,1
2017.04.15,96.4,baseline,11,1,0,0
2017.04.16,110.0,baseline,7,1,0,0
2017.04.17,172.8,low risk,8,2,1,1
2017.04.18,182.4,low risk,12,2,0,1
2017.04.19,186.6,low risk,11,1,2,0
2017.04.20,161.8,low risk,9,2,0,0
2017.04.21,178.0,low risk,11,2,0,1
2017.04.22,212.8,low risk,9,2,0,3
2017.04.23,174.9,low risk,7,2,0,1
2017.04.24,160.7,low risk,12,3,1,0
2017.04.25,140.7,baseline,4,1,0,0
2017.04.26,155.0,low risk,13,5,0,2
2017.04.27,175.6,low risk,8,2,1,0
2017.04.28,138.9,baseline,9,2,0,2
2017.04.29,128.3,baseline,8,1,1,0
2017.04.30,144.4,baseline,4,0,0,0
2017.05.01,133.4,baseline,3,0,0,1
2017.05.02,76.3,baseline,9,2,0,0
2017.05.03,27.8,baseline,5,0,2,0
2017.05.04,60.7,baseline,7,2,0,1
2017.05.05,74.5,baseline,4,1,0,0
2017.05.06,120.0,baseline,6,3,0,0
2017.05.07,171.4,low risk,7,0,0,1
2017.05.08,189.3,low risk,5,1,1,1
2017.05.09,177.4,low risk,7,1,0,2
2017.05.10,168.9,low risk,11,3,0,2
2017.05.11,182.8,low risk,10,4,0,1
2017.05.12,117.4,baseline,6,1,0,0
2017.05.13,33.2,baseline,6,2,0,2
2017.05.14,85.3,baseline,5,0,0,0
2017.05.15,87.4,baseline,7,2,1,0
2017.05.16,105.6,baseline,6,2,1,0
2017.05.17,136.3,baseline,8,1,1,0
2017.05.18,113.9,baseline,4,1,0,0
2017.05.19,127.8,baseline,10,5,0,1
2017.05.20,135.3,baseline,11,1,2,0
2017.05.21,177.6,low risk,15,2,2,1
2017.05.22,168.0,low risk,4,3,1,0
2017.05.23,188.6,low risk,9,1,0,0
2017.05.24,171.3,low risk,9,2,2,0
2017.05.25,188.4,low risk,9,2,0,0
2017.05.26,64.9,baseline,6,2,0,0
2017.05.27,112.5,baseline,11,1,0,1
2017.05.28,83.0,baseline,7,0,1,0
2017.05.29,40.3,baseline,11,2,2,0
2017.05.30,21.1,baseline,8,1,2,0
2017.05.31,8.7,baseline,9,3,1,1
2017.06.01,0.0,baseline,3,1,0,1
2017.06.02,0.0,baseline,7,2,1,0
2017.06.03,0.0,baseline,4,1,1,0
2017.06.04,0.0,baseline,7,4,0,0
2017.06.05,0.0,baseline,11,3,1,2
2017.06.06,0.0,baseline,5,1,1,0
2017.06.07,0.0,baseline,4,0,0,0
2017.06.08,6.9,baseline,6,3,0,0
2017.06.09,67.6,baseline,6,1,0,0
2017.06.10,113.2,baseline,4,1,0,1
2017.06.11,98.9,baseline,11,3,0,0
2017.06.12,126.6,baseline,5,0,0,0
2017.06.13,130.5,baseline,9,1,0,1
2017.06.14,176.1,low risk,5,1,1,0
2017.06.15,164.6,low risk,11,3,0,2
2017.06.16,177.6,low risk,6,2,0,0
2017.06.17,166.9,low risk,7,2,0,1
2017.06.18,123.6,baseline,5,1,0,0
2017.06.19,105.4,baseline,10,3,1,3
2017.06.20,84.5,baseline,5,4,0,0
2017.06.21,107.1,baseline,8,2,0,2
2017.06.22,73.9,baseline,6,0,0,0
2017.06.23,65.9,baseline,9,3,1,2
2017.06.24,63.9,baseline,8,1,1,1
2017.06.25,50.5,baseline,4,1,1,1
2017.06.26,59.7,baseline,3,1,0,1
2017.06.27,66.5,baseline,6,3,0,1
2017.06.28,84.0,baseline,7,2,1,0
2017.06.29,72.5,baseline,7,2,1,0
2017.06.30,37.0,baseline,4,1,0,1
2017.07.01,52.4,baseline,5,0,0,1
2017.07.02,14.2,baseline,7,2,2,1
2017.07.03,76.7,baseline,11,1,0,1
2017.07.04,128.4,baseline,10,3,1,2
2017.07.05,107.9,baseline,14,5,1,1
2017.07.06,87.3,baseline,9,3,2,0
2017.07.07,145.6,baseline,14,4,2,1
2017.07.08,145.9,baseline,6,1,1,0
2017.07.09,161.1,low risk,10,4,1,0
2017.07.10,173.7,low risk,8,3,0,1
2017.07.11,166.5,low risk,6,1,0,2
2017.07.12,99.9,baseline,7,0,0,0
2017.07.13,122.3,baseline,5,0,0,0
2017.07.14,129.3,baseline,8,3,0,2
2017.07.15,131.9,baseline,10,3,1,2
2017.07.16,110.8,baseline,6,2,0,0
2017.07.17,73.2,baseline,9,2,0,0
2017.07.18,31.3,baseline,15,5,0,1
2017.07.19,26.6,baseline,11,4,0,2
2017.07.20,23.5,baseline,4,1,0,0
2017.07.21,60.7,baseline,9,2,3,1
2017.07.22,62.6,baseline,12,3,2,1
2017.07.23,63.3,baseline,8,3,2,2
2017.07.24,94.4,baseline,8,2,1,1
2017.07.25,118.4,baseline,8,3,0,1
2017.07.26,130.4,baseline,6,2,0,1
2017.07.27,203.5,low risk,11,1,0,1
2017.07.28,211.4,low risk,7,1,1,0
2017.07.29,236.4,low risk,11,4,2,0
2017.07.30,185.8,low risk,9,2,1,2
2017.07.31,141.8,baseline,9,0,0,0
2017.08.01,183.0,low risk,9,2,0,1
2017.08.02,114.2,baseline,13,5,0,0
2017.08.03,8.3,baseline,3,1,0,0
2017.08.04,0.0,baseline,9,5,1,3
2017.08.05,0.0,baseline,4,0,0,0
2017.08.06,0.0,baseline,7,1,0,0
2017.08.07,0.0,baseline,5,0,0,0
2017.08.08,0.0,baseline,7,2,0,2
2017.08.09,13.7,baseline,9,1,0,0
2017.08.10,58.1,baseline,10,4,0,1
2017.08.11,75.2,baseline,12,2,3,2
2017.08.12,65.3,baseline,2,0,0,0
2017.08.13,146.7,baseline,9,3,2,2
2017.08.14,81.8,baseline,11,4,1,0
2017.08.15,112.1,baseline,10,1,0,2
2017.08.16,116.3,baseline,5,1,0,1
2017.08.17,50.2,baseline,7,1,0,1
2017.08.18,129.7,baseline,6,2,0,0
2017.08.19,197.6,low risk,6,1,1,1
2017.08.20,183.6,low risk,10,5,1,1
2017.08.21,162.4,low risk,7,2,0,1
2017.08.22,161.0,low risk,2,1,0,0
2017.08.23,143.8,baseline,7,2,0,0
2017.08.24,108.3,baseline,8,1,0,1
2017.08.25,112.9,baseline,9,2,1,2
2017.08.26,151.9,low risk,9,3,1,1
2017.08.27,137.3,baseline,8,4,0,0
2017.08.28,107.0,baseline,4,0,0,0
2017.08.29,128.5,baseline,7,4,0,2
2017.08.30,135.0,baseline,3,2,0,0
2017.08.31,78.3,baseline,6,0,1,1
2017.09.01,115.1,baseline,2,0,0,0
2017.09.02,145.3,baseline,11,2,1,1
2017.09.03,135.2,baseline,3,1,1,0
2017.09.04,125.9,baseline,8,2,1,0
2017.09.05,68.7,baseline,9,3,1,0
2017.09.06,81.3,baseline,11,4,0,1
2017.09.07,81.6,baseline,4,0,0,2
2017.09.08,62.7,baseline,12,2,1,0
2017.09.09,96.8,baseline,8,4,0,0
2017.09.10,76.1,baseline,13,4,1,1
2017.09.11,59.1,baseline,10,4,0,2
2017.09.12,49.9,baseline,6,0,1,1
2017.09.13,64.9,baseline,5,0,1,0
2017.09.14,156.3,low risk,13,5,0,0
2017.09.15,195.6,low risk,11,1,1,1
2017.09.16,180.5,low risk,8,1,0,1
2017.09.17,191.7,low risk,10,4,0,0
2017.09.18,188.1,low risk,9,1,0,0
2017.09.19,189.4,low risk,4,1,0,0
2017.09.20,220.8,low risk,8,1,1,1
2017.09.21,212.5,low risk,3,2,1,0
2017.09.22,281.6,low risk,10,4,0,1
2017.09.23,265.0,low risk,10,3,0,0
2017.09.24,263.2,low risk,4,1,0,0
2017.09.25,209.1,low risk,7,2,0,0
2017.09.26,189.9,low risk,5,1,0,0
2017.09.27,143.2,baseline,10,2,1,0
2017.09.28,166.5,low risk,9,3,0,1
2017.09.29,160.4,low risk,6,2,1,1
2017.09.30,123.8,baseline,7,1,0,0
2017.10.01,138.5,baseline,8,2,1,0
2017.10.02,202.9,low risk,7,2,0,1
2017.10.03,165.9,low risk,6,2,0,0
2017.10.04,195.0,low risk,9,2,1,0
2017.10.05,110.6,baseline,7,1,1,0
2017.10.06,122.6,baseline,12,5,0,2
2017.10.07,154.0,low risk,7,2,0,0
2017.10.08,130.5,baseline,9,3,0,1
2017.10.09,144.0,baseline,7,2,0,0
2017.10.10,163.8,low risk,3,0,0,1
2017.10.11,104.7,baseline,1,0,0,0
2017.10.12,82.2,baseline,5,1,0,0
2017.10.13,79.9,baseline,2,0,0,0
2017.10.14,101.4,baseline,7,1,0,0
2017.10.15,129.7,baseline,13,4,1,3
2017.10.16,105.4,baseline,6,0,1,0
2017.10.17,85.9,baseline,3,0,0,0
2017.10.18,136.9,baseline,11,3,0,2
2017.10.19,124.7,baseline,11,1,0,0
2017.10.20,188.5,low risk,12,3,0,2
2017.10.21,187.1,low risk,11,1,1,0
2017.10.22,119.9,baseline,4,2,1,0
2017.10.23,135.1,baseline,12,5,1,2
2017.10.24,105.4,baseline,8,1,1,1
2017.10.25,125.7,baseline,6,4,0,1
2017.10.26,168.5,low risk,7,3,0,0
2017.10.27,197.8,low risk,10,2,1,0
2017.10.28,167.1,low risk,13,3,2,0
2017.10.29,159.3,low risk,6,1,0,0
2017.10.30,122.7,baseline,12,3,0,2
2017.10.31,132.2,baseline,7,0,0,1
2017.11.01,49.6,baseline,4,2,0,1
2017.11.02,115.8,baseline,11,3,0,3
2017.11.03,148.3,baseline,5,0,1,2
2017.11.04,172.1,low risk,6,2,0,1
2017.11.05,157.3,low risk,9,1,0,2
2017.11.06,152.0,low risk,4,3,1,0
2017.11.07,133.8,baseline,5,2,0,0
2017.11.08,107.1,baseline,5,0,0,1
2017.11.09,38.8,baseline,9,3,1,1
2017.11.10,117.4,baseline,8,0,0,1
2017.11.11,61.5,baseline,5,3,0,1
2017.11.12,69.5,baseline,7,2,0,0
2017.11.13,134.0,baseline,9,2,2,0
2017.11.14,192.7,low risk,11,4,0,1
2017.11.15,172.7,low risk,6,3,1,4
2017.11.16,187.1,low risk,12,3,0,2
2017.11.17,196.7,low risk,6,1,0,2
2017.11.18,203.9,low risk,9,2,0,1
2017.11.19,270.6,low risk,7,2,0,0
2017.11.20,179.2,low risk,6,0,0,0
2017.11.21,184.7,low risk,9,0,0,1
2017.11.22,130.4,baseline,8,2,0,2
2017.11.23,129.3,baseline,8,2,0,1
2017.11.24,59.5,baseline,9,1,0,2
2017.11.25,15.4,baseline,14,1,2,0
2017.11.26,18.5,baseline,9,1,0,1
2017.11.27,66.9,baseline,7,3,0,0
2017.11.28,107.5,baseline,7,2,0,0
2017.11.29,105.9,baseline,7,1,2,0
2017.11.30,112.1,baseline,13,2,0,4
2017.12.01,51.3,baseline,15,4,0,0
2017.12.02,45.9,baseline,4,1,0,0
2017.12.03,25.4,baseline,6,2,0,0
2017.12.04,0.0,baseline,11,2,1,0
2017.12.05,34.7,baseline,12,3,1,1
2017.12.06,58.4,baseline,14,4,0,2
2017.12.07,34.4,baseline,8,1,0,2
2017.12.08,110.8,baseline,11,2,1,1
2017.12.09,139.8,baseline,7,2,0,0
2017.12.10,165.1,low risk,10,1,0,1
2017.12.11,197.3,low risk,14,2,1,1
2017.12.12,269.5,low risk,8,1,0,1
2017.12.13,213.0,low risk,11,3,1,3
2017.12.14,179.1,low risk,9,3,0,2
2017.12.15,184.9,low risk,11,4,0,0
2017.12.16,203.3,low risk,5,1,0,1
2017.12.17,141.8,baseline,6,2,1,2
2017.12.18,123.9,baseline,4,1,0,0
2017.12.19,147.4,baseline,8,3,1,0
2017.12.20,124.9,baseline,8,3,1,2
2017.12.21,165.1,low risk,6,4,0,1
2017.12.22,86.3,baseline,8,1,0,1
2017.12.23,101.4,baseline,8,5,2,0
2017.12.24,87.8,baseline,9,1,1,1
2017.12.25,102.8,baseline,10,2,1,1
2017.12.26,70.9,baseline,5,1,0,0
2017.12.27,98.6,baseline,10,2,1,1
2017.12.28,154.4,low risk,7,2,1,2
2017.12.29,152.6,low risk,9,4,1,1
2017.12.30,145.2,baseline,12,2,1,1
2017.12.31,121.7,baseline,9,1,1,0
2018.01.01,100.4,baseline,8,1,1,2
2018.01.02,134.9,baseline,5,3,0,0
2018.01.03,69.5,baseline,5,0,0,1
2018.01.04,56.9,baseline,4,1,1,1
2018.01.05,60.1,baseline,8,3,0,1
2018.01.06,53.1,baseline,7,3,0,3
2018.01.07,84.0,baseline,6,0,0,1
2018.01.08,46.3,baseline,5,0,0,1
2018.01.09,74.0,baseline,7,2,0,0
2018.01.10,0.0,baseline,7,2,0,1
2018.01.11,77.8,baseline,6,4,0,2
2018.01.12,69.9,baseline,9,1,1,2
2018.01.13,93.5,baseline,12,0,1,0
2018.01.14,91.2,baseline,5,2,0,0
2018.01.15,86.8,baseline,8,5,0,1
2018.01.16,35.0,baseline,0,1,0,0
2018.01.17,82.0,baseline,11,2,2,2
2018.01.18,131.4,baseline,10,3,0,1
2018.01.19,118.6,baseline,7,1,1,1
2018.01.20,166.6,low risk,10,1,0,2
2018.01.21,132.9,baseline,8,2,1,1
2018.01.22,109.8,baseline,11,4,0,4
2018.01.23,160.4,low risk,11,2,1,0
2018.01.24,163.5,low risk,6,0,0,1
2018.01.25,134.8,baseline,16,6,2,0
2018.01.26,134.0,baseline,8,2,0,0
2018.01.27,221.4,low risk,7,0,0,0
2018.01.28,198.6,low risk,13,6,1,0
2018.01.29,193.3,low risk,6,1,0,1
2018.01.30,178.5,low risk,4,0,0,0
2018.01.31,158.7,low risk,13,1,0,2
2018.02.01,172.1,low risk,6,5,1,0
2018.02.02,180.9,low risk,10,3,0,0
2018.02.03,183.1,low risk,13,3,1,1
2018.02.04,159.5,low risk,10,5,0,1
2018.02.05,139.7,baseline,10,4,1,0
2018.02.06,152.0,low risk,8,1,0,1
2018.02.07,126.4,baseline,8,5,0,1
2018.02.08,109.9,baseline,9,3,0,1
2018.02.09,73.8,baseline,5,2,0,2
2018.02.10,45.9,baseline,12,2,0,1
2018.02.11,9.4,baseline,6,2,1,0
2018.02.12,0.0,baseline,6,1,0,1
2018.02.13,0.0,baseline,7,1,0,0
2018.02.14,0.0,baseline,11,2,1,1
2018.02.15,0.0,baseline,9,3,0,1
2018.02.16,11.6,baseline,10,4,0,1
2018.02.17,85.3,baseline,7,3,2,2
2018.02.18,111.2,baseline,10,3,0,2
2018.02.19,71.2,baseline,5,4,0,0
2018.02.20,125.7,baseline,9,1,0,0
2018.02.21,130.6,baseline,13,1,2,5
2018.02.22,103.6,baseline,13,2,0,1
2018.02.23,74.8,baseline,8,2,1,1
2018.02.24,113.9,baseline,9,3,1,0
2018.02.25,113.1,baseline,12,3,0,0
2018.02.26,107.8,baseline,7,3,0,1
2018.02.27,108.9,baseline,10,2,1,1
2018.02.28,98.0,baseline,4,2,0,0
2018.03.01,157.2,low risk,7,2,0,2
2018.03.02,177.2,low risk,12,1,2,2
2018.03.03,125.2,baseline,7,2,0,0
2018.03.04,58.8,baseline,7,2,0,1
2018.03.05,90.8,baseline,8,2,0,0
2018.03.06,117.2,baseline,7,0,0,1
2018.03.07,120.7,baseline,6,0,0,1
2018.03.08,156.0,low risk,7,4,0,1
2018.03.09,66.0,baseline,8,2,0,0
2018.03.10,99.6,baseline,11,2,0,1
2018.03.11,89.6,baseline,11,2,1,3
2018.03.12,34.3,baseline,8,3,1,1
2018.03.13,78.4,baseline,12,5,1,1
2018.03.14,161.2,low risk,8,2,0,0
2018.03.15,187.3,low risk,9,2,0,1
2018.03.16,174.8,low risk,11,0,1,3
2018.03.17,97.0,baseline,9,1,0,1
2018.03.18,186.8,low risk,9,2,2,1
2018.03.19,138.7,baseline,4,0,0,1
2018.03.20,184.9,low risk,12,2,0,3
2018.03.21,114.8,baseline,11,2,0,0
2018.03.22,161.0,low risk,17,5,1,0
2018.03.23,181.5,low risk,12,3,1,0
2018.03.24,203.9,low risk,12,3,0,0
2018.03.25,148.3,baseline,8,4,0,1
2018.03.26,174.0,low risk,12,2,0,0
2018.03.27,130.6,baseline,6,3,0,1
2018.03.28,160.1,low risk,11,3,0,3
2018.03.29,113.2,baseline,4,0,0,0
2018.03.30,92.0,baseline,6,0,0,0
2018.03.31,161.0,low risk,9,4,0,1
2018.04.01,155.0,low risk,16,4,0,2
2018.04.02,247.0,low risk,4,0,0,0
2018.04.03,209.0,low risk,8,0,0,1
2018.04.04,142.9,baseline,8,2,0,0
2018.04.05,152.8,low risk,11,4,0,0
2018.04.06,147.4,baseline,10,2,1,2
2018.04.07,159.7,low risk,16,5,1,1
2018.04.08,113.0,baseline,9,4,0,0
2018.04.09,130.2,baseline,9,2,0,0
2018.04.10,126.2,baseline,6,0,0,1
2018.04.11,125.0,baseline,12,2,0,0
2018.04.12,137.5,baseline,4,1,0,0
2018.04.13,142.8,baseline,4,2,0,0
2018.04.14,94.5,baseline,9,2,1,0
2018.04.15,129.3,baseline,6,1,0,2
2018.04.16,111.8,baseline,9,0,0,1
2018.04.17,166.4,low risk,12,3,0,1
2018.04.18,146.7,baseline,6,3,0,0
2018.04.19,157.8,low risk,4,2,0,0
2018.04.20,75.6,baseline,8,0,1,0
2018.04.21,80.7,baseline,6,4,0,0
2018.04.22,12.8,baseline,14,1,0,1
2018.04.23,62.3,baseline,14,3,0,1
2018.04.24,142.6,baseline,11,2,0,2
2018.04.25,79.3,baseline,4,1,0,1
2018.04.26,64.6,baseline,7,2,0,0
2018.04.27,60.2,baseline,5,3,0,2
2018.04.28,93.9,baseline,7,0,0,3
2018.04.29,58.6,baseline,6,1,0,1
2018.04.30,56.4,baseline,9,1,1,1
2018.05.01,138.9,baseline,9,1,0,0
2018.05.02,132.3,baseline,6,1,0,0
2018.05.03,77.1,baseline,9,2,0,0
2018.05.04,58.0,baseline,10,3,1,1
2018.05.05,57.2,baseline,3,1,0,0
2018.05.06,53.6,baseline,10,2,1,1
2018.05.07,30.8,baseline,7,4,0,1
2018.05.08,17.9,baseline,7,2,0,0
2018.05.09,2.7,baseline,8,1,0,0
2018.05.10,3.8,baseline,4,0,0,0
2018.05.11,82.7,baseline,3,1,0,1
2018.05.12,86.7,baseline,7,1,0,2
2018.05.13,81.6,baseline,7,1,1,2
2018.05.14,52.4,baseline,7,1,1,0
2018.05.15,101.8,baseline,10,2,1,1
2018.05.16,141.7,baseline,10,1,2,0
2018.05.17,129.1,baseline,10,3,0,1
2018.05.18,91.9,baseline,4,2,0,0
2018.05.19,105.3,baseline,9,3,0,1
2018.05.20,125.2,baseline,6,2,0,0
2018.05.21,77.4,baseline,3,0,0,0
2018.05.22,50.1,baseline,8,2,0,2
2018.05.23,32.2,baseline,8,5,1,0
2018.05.24,42.5,baseline,15,3,1,2
2018.05.25,38.4,baseline,10,2,0,2
2018.05.26,74.5,baseline,8,2,0,1
2018.05.27,72.5,baseline,9,0,0,0
2018.05.28,20.7,baseline,9,0,1,1
2018.05.29,67.6,baseline,8,2,0,0
2018.05.30,67.5,baseline,7,2,1,0
2018.05.31,69.3,baseline,7,1,1,1
2018.06.01,102.5,baseline,7,0,0,1
2018.06.02,157.2,low risk,5,3,0,1
2018.06.03,176.3,low risk,8,0,0,4
2018.06.04,145.5,baseline,10,2,0,0
2018.06.05,133.5,baseline,9,2,0,0
2018.06.06,93.2,baseline,10,0,0,3
2018.06.07,156.6,low risk,7,2,0,2
2018.06.08,188.0,low risk,6,3,0,1
2018.06.09,213.7,low risk,7,1,0,0
2018.06.10,168.7,low risk,6,1,0,0
2018.06.11,185.0,low risk,9,3,0,0
2018.06.12,191.1,low risk,7,2,1,2
2018.06.13,140.8,baseline,9,2,0,2
2018.06.14,139.4,baseline,13,7,0,0
2018.06.15,196.1,low risk,11,0,0,0
2018.06.16,155.6,low risk,4,2,0,0
2018.06.17,130.8,baseline,9,3,0,3
2018.06.18,167.8,low risk,8,0,0,0
2018.06.19,158.8,low risk,13,4,0,1
2018.06.20,140.7,baseline,6,1,1,0
2018.06.21,151.5,low risk,5,1,1,3
2018.06.22,170.7,low risk,9,6,0,2
2018.06.23,142.9,baseline,4,1,0,1
2018.06.24,120.7,baseline,4,1,0,0
2018.06.25,131.5,baseline,9,0,2,0
2018.06.26,89.8,baseline,8,1,0,2
2018.06.27,62.1,baseline,13,3,0,0
2018.06.28,7.8,baseline,7,3,0,2
2018.06.29,97.1,baseline,3,0,0,0
2018.06.30,118.8,baseline,10,4,0,1
2018.07.01,104.6,baseline,11,4,1,1
2018.07.02,153.3,low risk,14,5,0,1
2018.07.03,162.9,low risk,3,0,0,0
2018.07.04,205.9,low risk,8,4,1,1
2018.07.05,250.0,low risk,4,3,0,0
2018.07.06,253.3,low risk,11,2,0,2
2018.07.07,230.9,low risk,7,2,1,1
2018.07.08,211.5,low risk,5,1,0,1
2018.07.09,223.5,low risk,9,2,2,1
2018.07.10,142.1,baseline,11,4,0,1
2018.07.11,156.2,low risk,8,2,1,1
2018.07.12,147.8,baseline,8,1,1,0
2018.07.13,103.4,baseline,5,0,1,2
2018.07.14,120.4,baseline,2,1,1,0
2018.07.15,64.3,baseline,8,1,0,2
2018.07.16,46.2,baseline,9,2,1,0
2018.07.17,75.0,baseline,8,1,0,1
2018.07.18,63.9,baseline,10,2,0,3
2018.07.19,45.9,baseline,17,5,0,0
2018.07.20,62.4,baseline,11,3,0,0
2018.07.21,74.2,baseline,5,0,0,2
2018.07.22,145.6,baseline,6,1,0,3
2018.07.23,110.8,baseline,5,0,0,0
2018.07.24,123.3,baseline,15,4,2,3
2018.07.25,131.0,baseline,7,1,0,0
2018.07.26,98.9,baseline,7,1,1,0
2018.07.27,188.8,low risk,5,1,1,0
2018.07.28,137.3,baseline,4,1,0,0
2018.07.29,71.3,baseline,9,1,0,0
2018.07.30,101.2,baseline,12,3,0,1
2018.07.31,162.8,low risk,14,4,0,1
2018.08.01,59.5,baseline,9,2,0,3
2018.08.02,34.9,baseline,5,3,0,0
2018.08.03,46.0,baseline,9,3,0,1
2018.08.04,130.9,baseline,8,1,1,0
2018.08.05,124.0,baseline,5,2,0,0
2018.08.06,117.0,baseline,14,5,0,1
2018.08.07,173.4,low risk,7,2,1,1
2018.08.08,166.5,low risk,9,2,0,1
2018.08.09,99.1,baseline,7,0,0,0
2018.08.10,117.0,baseline,6,1,1,2
2018.08.11,127.5,baseline,6,2,0,1
2018.08.12,112.2,baseline,7,1,0,0
2018.08.13,80.7,baseline,6,2,0,0
2018.08.14,101.8,baseline,11,5,0,0
2018.08.15,64.9,baseline,14,4,0,1
2018.08.16,45.9,baseline,9,3,0,0
2018.08.17,69.3,baseline,8,4,1,0
2018.08.18,5.0,baseline,12,2,0,1
2018.08.19,0.0,baseline,6,2,0,1
2018.08.20,3.6,baseline,6,2,0,1
2018.08.21,15.6,baseline,12,1,1,0
2018.08.22,35.5,baseline,12,3,2,0
2018.08.23,70.7,baseline,17,6,1,4
2018.08.24,75.9,baseline,8,0,2,0
2018.08.25,118.6,baseline,7,3,0,1
2018.08.26,144.7,baseline,8,2,0,0
2018.08.27,150.1,low risk,11,3,0,2
2018.08.28,137.9,baseline,7,3,0,1
2018.08.29,87.6,baseline,7,1,0,0
2018.08.30,80.0,baseline,5,1,1,0
2018.08.31,37.0,baseline,6,3,1,2
2018.09.01,37.2,baseline,9,2,0,1
2018.09.02,35.3,baseline,5,2,0,0
2018.09.03,5.4,baseline,5,0,0,0
2018.09.04,6.3,baseline,4,0,0,1
2018.09.05,24.8,baseline,9,1,0,0
2018.09.06,74.4,baseline,10,2,0,0
2018.09.07,112.2,baseline,7,3,0,0
2018.09.08,157.5,low risk,15,5,0,0
2018.09.09,195.1,low risk,14,6,0,0
2018.09.10,168.9,low risk,9,1,0,0
2018.09.11,120.8,baseline,8,0,0,1
2018.09.12,168.1,low risk,7,1,0,1
2018.09.13,123.8,baseline,7,0,0,0
2018.09.14,144.8,baseline,12,2,0,1
2018.09.15,83.5,baseline,5,0,1,0
2018.09.16,167.2,low risk,8,1,0,1
2018.09.17,184.5,low risk,12,4,0,1
2018.09.18,124.5,baseline,10,5,1,0
2018.09.19,96.2,baseline,4,1,0,1
2018.09.20,99.5,baseline,13,4,3,4
2018.09.21,162.0,low risk,7,2,0,1
2018.09.22,177.2,low risk,8,1,1,2
2018.09.23,212.7,low risk,8,1,0,1
2018.09.24,261.1,low risk,6,2,0,1
2018.09.25,261.3,low risk,5,4,0,1
2018.09.26,249.9,low risk,7,4,0,0
2018.09.27,229.3,low risk,8,2,0,1
2018.09.28,198.0,low risk,3,1,0,0
2018.09.29,188.2,low risk,7,3,0,0
2018.09.30,147.8,baseline,8,1,1,1
2018.10.01,148.8,baseline,4,0,0,0
2018.10.02,92.8,baseline,10,0,4,0
2018.10.03,44.4,baseline,9,0,1,1
2018.10.04,90.3,baseline,7,1,0,0
2018.10.05,125.9,baseline,10,1,0,2
2018.10.06,180.9,low risk,11,1,0,0
2018.10.07,130.1,baseline,4,1,0,0
2018.10.08,155.2,low risk,11,4,0,4
2018.10.09,145.9,baseline,11,2,0,1
2018.10.10,165.6,low risk,5,1,0,0
2018.10.11,127.9,baseline,4,1,0,0
2018.10.12,155.4,low risk,14,4,0,2
2018.10.13,122.3,baseline,3,0,1,0
2018.10.14,159.1,low risk,4,4,0,1
2018.10.15,119.3,baseline,5,0,0,2
2018.10.16,170.3,low risk,10,3,1,0
2018.10.17,129.2,baseline,5,1,0,0
2018.10.18,107.1,baseline,11,1,1,1
2018.10.19,157.4,low risk,3,0,0,0
2018.10.20,164.1,low risk,6,3,0,0
2018.10.21,197.0,low risk,11,2,0,1
2018.10.22,243.0,low risk,10,0,0,1
2018.10.23,217.2,low risk,7,2,0,2
2018.10.24,216.4,low risk,10,2,0,1
2018.10.25,197.7,low risk,8,2,0,2
2018.10.26,228.0,low risk,7,1,1,1
2018.10.27,272.0,low risk,9,2,1,0
2018.10.28,215.3,low risk,6,1,0,0
2018.10.29,197.7,low risk,6,2,1,1
2018.10.30,144.6,baseline,8,2,0,0
2018.10.31,132.6,baseline,12,2,1,1
2018.11.01,111.4,baseline,5,2,0,0
2018.11.02,68.2,baseline,10,6,0,3
2018.11.03,88.4,baseline,8,2,0,2
2018.11.04,136.4,baseline,10,3,2,0
2018.11.05,90.1,baseline,7,1,0,0
2018.11.06,51.7,baseline,10,1,0,1
2018.11.07,33.3,baseline,7,0,0,2
2018.11.08,125.2,baseline,9,3,1,0
2018.11.09,82.6,baseline,13,2,1,2
2018.11.10,48.2,baseline,8,3,0,0
2018.11.11,79.4,baseline,10,3,2,2
2018.11.12,91.2,baseline,7,1,1,1
2018.11.13,45.3,baseline,7,2,0,1
2018.11.14,42.1,baseline,10,2,0,1
2018.11.15,68.5,baseline,7,2,0,0
2018.11.16,58.7,baseline,11,2,0,3
2018.11.17,86.1,baseline,9,2,1,3
2018.11.18,86.3,baseline,5,3,1,1
2018.11.19,159.7,low risk,7,0,1,1
2018.11.20,108.7,baseline,13,2,1,1
2018.11.21,156.5,low risk,11,2,0,0
2018.11.22,194.6,low risk,7,3,0,0
2018.11.23,175.2,low risk,16,5,1,1
2018.11.24,172.9,low risk,4,0,0,0
2018.11.25,169.1,low risk,4,0,0,0
2018.11.26,212.5,low risk,7,2,1,1
2018.11.27,84.2,baseline,9,1,0,0
2018.11.28,66.8,baseline,8,2,0,1
2018.11.29,45.3,baseline,8,1,0,1
2018.11.30,0.0,baseline,12,2,0,2
2018.12.01,0.0,baseline,7,1,0,1
2018.12.02,0.0,baseline,11,1,1,1
2018.12.03,65.7,baseline,10,3,0,2
2018.12.04,92.1,baseline,7,1,0,1
2018.12.05,131.3,baseline,13,1,0,2
2018.12.06,117.2,baseline,11,6,3,1
2018.12.07,83.1,baseline,4,0,0,0
2018.12.08,139.3,baseline,11,2,1,4
2018.12.09,169.0,low risk,7,1,0,1
2018.12.10,170.3,low risk,9,3,0,0
2018.12.11,128.0,baseline,9,2,1,0
2018.12.12,153.7,low risk,6,2,1,0
2018.12.13,153.0,low risk,6,0,0,1
2018.12.14,162.7,low risk,6,1,0,2
2018.12.15,161.1,low risk,7,2,1,0
2018.12.16,127.4,baseline,11,3,0,1
2018.12.17,99.5,baseline,6,5,0,1
2018.12.18,88.5,baseline,12,6,0,2
2018.12.19,34.7,baseline,10,1,1,3
2018.12.20,69.2,baseline,13,3,0,5
2018.12.21,55.1,baseline,11,3,0,1
2018.12.22,88.0,baseline,6,2,2,0
2018.12.23,163.6,low risk,6,3,0,0
2018.12.24,189.7,low risk,10,1,0,2
2018.12.25,246.6,low risk,6,1,0,0
2018.12.26,253.3,low risk,7,0,0,1
2018.12.27,204.6,low risk,3,1,0,0
2018.12.28,182.2,low risk,11,1,0,1
2018.12.29,184.9,low risk,4,1,0,3
2018.12.30,170.9,low risk,5,4,0,0
2018.12.31,130.7,baseline,9,2,0,2
2019.01.01,124.3,baseline,11,2,1,2
2019.01.02,190.3,low risk,10,2,0,0
2019.01.03,131.6,baseline,7,4,0,1
2019.01.04,194.6,low risk,8,1,0,0
2019.01.05,201.8,low risk,6,4,0,1
2019.01.06,232.8,low risk,3,2,1,0
2019.01.07,200.5,low risk,8,1,0,1
2019.01.08,199.8,low risk,7,2,0,1
2019.01.09,246.6,low risk,12,2,0,4
2019.01.10,230.6,low risk,8,0,0,0
2019.01.11,223.5,low risk,6,1,1,0
2019.01.12,168.6,low risk,7,1,0,1
2019.01.13,154.7,low risk,7,2,1,0
2019.01.14,173.2,low risk,9,3,0,1
2019.01.15,104.5,baseline,9,4,1,1
2019.01.16,178.4,low risk,15,4,0,1
2019.01.17,228.8,low risk,8,1,0,2
2019.01.18,211.2,low risk,9,1,0,1
2019.01.19,224.4,low risk,11,4,0,2
2019.01.20,153.1,low risk,7,4,0,1
2019.01.21,137.1,baseline,6,3,0,0
2019.01.22,177.6,low risk,6,1,0,1
2019.01.23,168.7,low risk,10,3,0,0
2019.01.24,92.4,baseline,5,2,0,0
2019.01.25,67.4,baseline,10,4,0,1
2019.01.26,73.2,baseline,7,2,0,0
2019.01.27,31.9,baseline,8,1,1,1
2019.01.28,27.9,baseline,6,1,1,1
2019.01.29,37.9,baseline,7,0,0,2
2019.01.30,38.9,baseline,7,1,1,1
2019.01.31,91.4,baseline,5,0,0,1
2019.02.01,102.4,baseline,4,0,0,1
2019.02.02,64.7,baseline,3,0,0,0
2019.02.03,45.3,baseline,5,0,0,0
2019.02.04,82.6,baseline,6,3,0,1
2019.02.05,58.9,baseline,8,2,0,1
2019.02.06,82.2,baseline,14,2,0,0
2019.02.07,127.1,baseline,13,7,0,3
2019.02.08,112.1,baseline,14,5,0,0
2019.02.09,127.7,baseline,11,2,0,2
2019.02.10,90.0,baseline,7,2,0,0
2019.02.11,138.5,baseline,12,2,0,0
2019.02.12,96.4,baseline,9,2,0,1
2019.02.13,123.4,baseline,8,0,1,1
2019.02.14,138.5,baseline,9,2,0,2
2019.02.15,131.2,baseline,9,2,0,0
2019.02.16,91.7,baseline,15,3,1,0
2019.02.17,125.2,baseline,12,2,1,1
2019.02.18,69.1,baseline,10,2,0,0
2019.02.19,84.7,baseline,7,2,0,1
2019.02.20,181.1,low risk,5,2,0,1
2019.02.21,169.6,low risk,5,1,0,0
2019.02.22,142.5,baseline,11,6,1,1
2019.02.23,116.0,baseline,9,2,0,0
2019.02.24,133.1,baseline,2,0,0,1
2019.02.25,89.0,baseline,4,0,0,1
2019.02.26,69.6,baseline,4,1,0,1
2019.02.27,140.3,baseline,12,2,0,2
2019.02.28,179.8,low risk,5,1,0,0
2019.03.01,149.5,baseline,9,3,1,0
2019.03.02,212.1,low risk,12,3,0,1
2019.03.03,213.5,low risk,5,1,0,0
2019.03.04,255.6,low risk,10,4,1,0
2019.03.05,255.7,low risk,9,2,2,0
2019.03.06,239.5,low risk,1,0,0,0
2019.03.07,173.5,low risk,10,3,0,0
2019.03.08,111.8,baseline,6,2,1,0
2019.03.09,114.1,baseline,9,3,1,3
2019.03.10,133.5,baseline,5,1,0,1
2019.03.11,26.8,baseline,14,4,0,0
2019.03.12,19.2,baseline,14,4,0,0
2019.03.13,0.0,baseline,10,3,0,0
2019.03.14,9.7,baseline,5,0,1,0
2019.03.15,0.0,baseline,12,5,0,1
2019.03.16,5.0,baseline,6,1,1,0
2019.03.17,54.3,baseline,6,0,0,1
2019.03.18,56.1,baseline,9,3,0,0
2019.03.19,98.4,baseline,7,3,1,0
2019.03.20,87.5,baseline,5,1,0,1
2019.03.21,152.8,low risk,4,1,0,0
2019.03.22,196.8,low risk,10,0,1,0
2019.03.23,215.8,low risk,11,2,2,1
2019.03.24,237.3,low risk,7,1,0,0
2019.03.25,216.5,low risk,12,3,0,1
2019.03.26,203.2,low risk,14,1,0,3
2019.03.27,201.1,low risk,5,0,0,0
2019.03.28,196.8,low risk,5,1,0,0
2019.03.29,140.7,baseline,8,2,1,0
2019.03.30,149.4,baseline,8,1,0,1
2019.03.31,186.0,low risk,9,0,0,2
2019.04.01,193.1,low risk,8,2,0,1
2019.04.02,170.1,low risk,8,2,1,1
2019.04.03,137.9,baseline,5,1,0,0
2019.04.04,175.4,low risk,7,2,1,1
2019.04.05,175.3,low risk,5,1,1,2
2019.04.06,131.7,baseline,4,1,0,1
2019.04.07,69.3,baseline,13,0,1,2
2019.04.08,62.2,baseline,8,2,0,0
2019.04.09,75.7,baseline,10,0,1,0
2019.04.10,43.9,baseline,8,2,0,0
2019.04.11,0.0,baseline,6,1,1,2
2019.04.12,0.0,baseline,6,2,0,1
2019.04.13,0.0,baseline,8,2,0,2
2019.04.14,10.4,baseline,11,3,0,0
2019.04.15,0.0,baseline,6,1,0,0
2019.04.16,0.0,baseline,6,1,0,0
2019.04.17,0.0,baseline,4,0,0,0
2019.04.18,1.3,baseline,9,2,0,0
2019.04.19,0.0,baseline,7,1,1,1
2019.04.20,76.6,baseline,7,0,0,1
2019.04.21,101.0,baseline,12,3,0,0
2019.04.22,97.3,baseline,3,1,0,1
2019.04.23,134.1,baseline,7,2,0,0
2019.04.24,126.2,baseline,7,3,0,1
2019.04.25,180.0,low risk,12,4,0,1
2019.04.26,243.9,low risk,10,5,0,0
2019.04.27,222.7,low risk,8,0,0,1
2019.04.28,186.4,low risk,10,2,0,0
2019.04.29,178.2,low risk,8,1,0,0
2019.04.30,179.3,low risk,9,1,0,1
2019.05.01,101.3,baseline,8,2,1,1
2019.05.02,123.9,baseline,9,1,0,1
2019.05.03,72.5,baseline,9,2,2,1
2019.05.04,64.5,baseline,9,3,0,1
2019.05.05,33.2,baseline,7,1,0,1
2019.05.06,76.7,baseline,11,6,0,0
2019.05.07,71.1,baseline,6,4,0,1
2019.05.08,58.6,baseline,11,3,1,2
2019.05.09,102.5,baseline,5,0,1,0
2019.05.10,176.9,low risk,9,3,1,1
2019.05.11,183.6,low risk,6,0,0,0
2019.05.12,191.8,low risk,7,1,0,2
2019.05.13,166.6,low risk,10,4,0,0
2019.05.14,218.8,low risk,8,2,0,0
2019.05.15,206.8,low risk,6,3,0,1
2019.05.16,237.6,low risk,12,1,0,1
2019.05.17,176.8,low risk,12,3,0,0
2019.05.18,208.3,low risk,8,2,1,1
2019.05.19,184.9,low risk,3,1,0,1
2019.05.20,144.3,baseline,6,0,0,1
2019.05.21,158.3,low risk,13,3,1,1
2019.05.22,141.8,baseline,9,3,0,1
2019.05.23,175.2,low risk,6,0,0,0
2019.05.24,116.0,baseline,10,0,0,3
2019.05.25,60.5,baseline,7,1,0,0
2019.05.26,36.2,baseline,8,2,0,0
2019.05.27,60.5,baseline,7,3,0,0
2019.05.28,144.5,baseline,4,1,0,0
2019.05.29,119.1,baseline,10,2,0,0
2019.05.30,75.9,baseline,10,3,2,1
2019.05.31,112.4,baseline,8,4,0,0
2019.06.01,64.0,baseline,3,1,0,0
2019.06.02,101.1,baseline,6,1,0,1
2019.06.03,88.6,baseline,6,3,0,0
2019.06.04,52.6,baseline,5,1,0,1
2019.06.05,77.2,baseline,5,0,1,0
2019.06.06,112.8,baseline,10,1,1,0
2019.06.07,138.6,baseline,9,5,0,0
2019.06.08,143.2,baseline,9,2,1,0
2019.06.09,171.3,low risk,7,3,0,1
2019.06.10,142.2,baseline,8,1,0,1
2019.06.11,129.2,baseline,12,6,1,1
2019.06.12,117.3,baseline,11,3,0,2
2019.06.13,136.0,baseline,7,1,0,1
2019.06.14,155.1,low risk,11,2,0,2
2019.06.15,133.1,baseline,4,0,0,1
2019.06.16,138.5,baseline,7,1,1,1
2019.06.17,153.2,low risk,8,0,1,0
2019.06.18,190.9,low risk,6,2,0,1
2019.06.19,171.4,low risk,12,3,1,1
2019.06.20,196.6,low risk,5,2,0,0
2019.06.21,191.0,low risk,10,3,0,1
2019.06.22,103.3,baseline,9,0,1,1
2019.06.23,85.6,baseline,10,3,1,0
2019.06.24,85.5,baseline,6,1,0,1
2019.06.25,108.0,baseline,7,2,0,1
2019.06.26,51.2,baseline,9,1,0,1
2019.06.27,61.5,baseline,6,0,0,1
2019.06.28,61.5,baseline,13,2,0,2
2019.06.29,69.6,baseline,12,3,1,0
2019.06.30,55.4,baseline,10,2,0,1
2019.07.01,106.0,baseline,9,2,0,1
2019.07.02,15.8,baseline,13,5,1,1
2019.07.03,0.0,baseline,16,5,1,1
2019.07.04,0.0,baseline,6,2,0,2
2019.07.05,0.0,baseline,6,2,1,1
2019.07.06,46.2,baseline,4,0,0,0
2019.07.07,111.6,baseline,9,2,1,1
2019.07.08,149.0,baseline,12,1,1,2
2019.07.09,169.8,low risk,12,2,1,1
2019.07.10,177.3,low risk,7,2,0,0
2019.07.11,179.5,low risk,9,2,1,0
2019.07.12,199.7,low risk,7,1,0,2
2019.07.13,224.1,low risk,11,1,2,1
2019.07.14,184.3,low risk,7,2,0,1
2019.07.15,176.1,low risk,9,1,1,1
2019.07.16,203.9,low risk,7,3,0,1
2019.07.17,187.0,low risk,4,1,2,0
2019.07.18,161.7,low risk,2,2,0,0
2019.07.19,155.0,low risk,7,1,0,2
2019.07.20,204.8,low risk,9,2,1,1
2019.07.21,167.0,low risk,6,2,0,2
2019.07.22,158.0,low risk,8,1,0,0
2019.07.23,153.7,low risk,8,3,1,3
2019.07.24,153.0,low risk,6,1,0,0
2019.07.25,209.7,low risk,10,2,1,1
2019.07.26,213.1,low risk,5,0,1,1
2019.07.27,231.7,low risk,10,2,0,0
2019.07.28,214.3,low risk,5,0,0,2
2019.07.29,211.0,low risk,6,0,1,1
2019.07.30,134.5,baseline,6,1,0,1
2019.07.31,138.3,baseline,10,4,0,2
2019.08.01,154.1,low risk,7,3,1,1
2019.08.02,190.0,low risk,5,2,0,0
2019.08.03,197.9,low risk,8,2,0,0
2019.08.04,188.7,low risk,6,2,0,0
2019.08.05,251.9,low risk,9,1,0,1
2019.08.06,255.3,low risk,8,4,0,1
2019.08.07,219.5,low risk,11,2,2,1
2019.08.08,193.6,low risk,12,1,1,2
2019.08.09,151.9,low risk,13,7,1,2
2019.08.10,122.9,baseline,7,2,1,0
2019.08.11,107.3,baseline,10,4,1,1
2019.08.12,123.3,baseline,7,2,0,1
2019.08.13,181.8,low risk,6,0,1,1
2019.08.14,117.7,baseline,8,1,0,2
2019.08.15,113.8,baseline,6,2,0,0
2019.08.16,89.9,baseline,12,3,0,1
2019.08.17,85.2,baseline,11,4,4,1
2019.08.18,83.5,baseline,7,2,0,2
2019.08.19,95.2,baseline,4,0,0,2
2019.08.20,29.6,baseline,13,3,4,0
2019.08.21,95.3,baseline,7,2,1,1
2019.08.22,95.4,baseline,8,0,0,2
2019.08.23,147.2,baseline,2,0,0,0
2019.08.24,149.9,baseline,8,4,0,1
2019.08.25,129.4,baseline,4,1,1,0
2019.08.26,122.9,baseline,9,3,1,1
2019.08.27,106.4,baseline,12,2,1,1
2019.08.28,101.8,baseline,7,1,0,3
2019.08.29,165.0,low risk,13,4,1,2
2019.08.30,176.6,low risk,7,3,0,3
2019.08.31,212.5,low risk,13,1,2,0
2019.09.01,155.9,low risk,13,3,0,1
2019.09.02,173.3,low risk,14,1,1,2
2019.09.03,162.9,low risk,8,1,0,0
2019.09.04,170.6,low risk,8,3,1,0
2019.09.05,199.4,low risk,3,1,1,0
2019.09.06,120.8,baseline,8,2,2,0
2019.09.07,169.1,low risk,9,1,1,1
2019.09.08,207.0,low risk,7,1,0,1
2019.09.09,180.4,low risk,9,6,0,0
2019.09.10,205.3,low risk,4,1,0,0
2019.09.11,172.2,low risk,9,1,0,1
2019.09.12,143.5,baseline,14,4,1,2
2019.09.13,109.1,baseline,12,2,0,1
2019.09.14,167.0,low risk,14,0,0,1
2019.09.15,116.0,baseline,14,2,0,4
2019.09.16,78.1,baseline,10,1,0,1
2019.09.17,89.2,baseline,7,2,0,1
2019.09.18,96.1,baseline,9,3,1,1
2019.09.19,124.7,baseline,8,1,0,1
2019.09.20,103.7,baseline,7,4,0,1
2019.09.21,96.6,baseline,8,2,1,0
2019.09.22,97.5,baseline,10,5,1,0
2019.09.23,118.9,baseline,9,0,0,0
2019.09.24,83.7,baseline,5,0,0,0
2019.09.25,138.3,baseline,4,0,1,0
2019.09.26,116.9,baseline,8,2,0,1
2019.09.27,118.9,baseline,7,0,0,2
2019.09.28,158.8,low risk,2,1,0,0
2019.09.29,176.8,low risk,5,2,0,0
2019.09.30,137.5,baseline,6,1,0,1
2019.10.01,180.0,low risk,12,4,1,1
2019.10.02,155.6,low risk,9,2,1,1
2019.10.03,132.9,baseline,9,3,0,1
2019.10.04,136.0,baseline,1,1,0,0
2019.10.05,170.3,low risk,6,2,0,1
2019.10.06,214.0,low risk,4,1,0,0
2019.10.07,309.2,elevated risk signals,6,3,0,1
2019.10.08,284.4,low risk,3,1,0,0
2019.10.09,265.9,low risk,6,2,0,0
2019.10.10,229.6,low risk,9,1,1,0
2019.10.11,257.7,low risk,9,1,0,0
2019.10.12,238.1,low risk,3,0,0,1
2019.10.13,253.6,low risk,8,3,0,2
2019.10.14,233.8,low risk,3,1,0,0
2019.10.15,294.4,low risk,6,1,0,0
2019.10.16,284.6,low risk,9,3,1,2
2019.10.17,334.8,elevated risk signals,11,3,0,1
2019.10.18,245.4,low risk,9,2,0,0
2019.10.19,201.5,low risk,5,2,0,1
2019.10.20,165.3,low risk,7,2,0,0
2019.10.21,181.9,low risk,2,1,0,0
2019.10.22,183.1,low risk,9,3,0,0
2019.10.23,151.1,low risk,7,2,1,1
2019.10.24,133.8,baseline,5,1,0,1
2019.10.25,138.7,baseline,9,5,0,3
2019.10.26,130.5,baseline,10,3,1,0
2019.10.27,113.9,baseline,5,2,0,0
2019.10.28,129.4,baseline,8,1,0,2
2019.10.29,180.5,low risk,6,1,0,2
2019.10.30,80.0,baseline,9,3,1,0
2019.10.31,36.9,baseline,6,0,0,0
2019.11.01,45.6,baseline,10,2,0,0
2019.11.02,76.6,baseline,8,1,1,2
2019.11.03,49.3,baseline,10,2,0,3
2019.11.04,90.0,baseline,12,1,1,0
2019.11.05,237.2,low risk,9,2,0,3
2019.11.06,241.0,low risk,6,2,1,0
2019.11.07,198.6,low risk,3,2,0,0
2019.11.08,184.0,low risk,7,3,1,2
2019.11.09,178.5,low risk,2,1,0,0
2019.11.10,175.6,low risk,7,2,0,0
2019.11.11,184.1,low risk,6,1,0,1
2019.11.12,179.3,low risk,3,0,0,0
2019.11.13,195.8,low risk,14,6,1,1
2019.11.14,197.1,low risk,10,5,0,0
2019.11.15,162.7,low risk,6,0,0,2
2019.11.16,116.8,baseline,4,0,0,0
2019.11.17,136.9,baseline,8,0,0,2
2019.11.18,164.2,low risk,9,2,1,2
2019.11.19,130.6,baseline,8,0,1,2
2019.11.20,158.8,low risk,8,4,0,0
2019.11.21,179.6,low risk,10,2,2,1
2019.11.22,167.3,low risk,14,4,2,1
2019.11.23,164.8,low risk,5,2,1,0
2019.11.24,191.3,low risk,9,0,2,2
2019.11.25,228.3,low risk,5,1,1,2
2019.11.26,201.9,low risk,10,1,0,1
2019.11.27,195.1,low risk,14,3,0,0
2019.11.28,155.1,low risk,11,5,1,1
2019.11.29,112.3,baseline,6,1,0,0
2019.11.30,152.4,low risk,14,4,0,1
2019.12.01,129.9,baseline,15,1,0,1
2019.12.02,74.6,baseline,7,4,0,0
2019.12.03,132.2,baseline,8,2,0,1
2019.12.04,161.5,low risk,8,3,1,0
2019.12.05,132.4,baseline,8,0,0,3
2019.12.06,72.4,baseline,5,2,0,1
2019.12.07,49.5,baseline,5,1,0,0
2019.12.08,43.5,baseline,7,1,0,2
2019.12.09,94.1,baseline,7,1,0,0
2019.12.10,106.3,baseline,7,4,0,1
2019.12.11,87.6,baseline,12,3,0,1
2019.12.12,42.8,baseline,7,3,0,0
2019.12.13,70.5,baseline,8,1,1,2
2019.12.14,150.7,low risk,11,4,1,2
2019.12.15,147.7,baseline,7,0,3,1
2019.12.16,132.3,baseline,6,2,0,1
2019.12.17,156.9,low risk,7,2,0,0
2019.12.18,185.1,low risk,8,3,2,0
2019.12.19,176.4,low risk,8,4,0,0
2019.12.20,168.6,low risk,8,1,0,1
2019.12.21,215.1,low risk,6,2,1,0
2019.12.22,163.4,low risk,8,1,1,2
2019.12.23,102.8,baseline,3,1,1,0
2019.12.24,106.8,baseline,8,3,0,1
2019.12.25,127.4,baseline,7,3,0,2
2019.12.26,97.8,baseline,5,1,1,2
2019.12.27,62.7,baseline,8,3,0,1
2019.12.28,71.2,baseline,9,1,0,2
2019.12.29,132.1,baseline,4,2,0,0
2019.12.30,163.3,low risk,9,2,0,0
2019.12.31,212.7,low risk,4,1,0,0
2020.01.01,239.9,low risk,7,1,0,0
2020.01.02,227.9,low risk,10,2,0,0
2020.01.03,250.2,low risk,7,1,0,0
2020.01.04,235.7,low risk,12,3,0,2
2020.01.05,206.2,low risk,5,1,0,1
2020.01.06,197.1,low risk,12,2,0,1
2020.01.07,214.3,low risk,3,1,0,0
2020.01.08,142.0,baseline,6,1,1,1
2020.01.09,158.8,low risk,8,1,0,3
2020.01.10,134.5,baseline,6,0,0,1
2020.01.11,153.3,low risk,8,1,0,1
2020.01.12,159.8,low risk,8,1,1,0
2020.01.13,149.7,baseline,10,2,0,0
2020.01.14,184.7,low risk,12,6,1,0
2020.01.15,174.1,low risk,6,0,0,0
2020.01.16,184.4,low risk,6,3,0,2
2020.01.17,167.3,low risk,7,1,1,1
2020.01.18,174.6,low risk,10,0,0,2
2020.01.19,139.6,baseline,10,2,0,0
2020.01.20,173.4,low risk,7,1,1,1
2020.01.21,66.3,baseline,9,3,0,0
2020.01.22,115.1,baseline,7,2,0,0
2020.01.23,81.9,baseline,6,2,0,0
2020.01.24,89.8,baseline,10,3,1,0
2020.01.25,70.9,baseline,10,3,1,3
2020.01.26,39.3,baseline,11,3,0,2
2020.01.27,28.4,baseline,11,2,0,1
2020.01.28,1.2,baseline,7,3,0,1
2020.01.29,37.4,baseline,11,5,0,7
2020.01.30,130.0,baseline,9,1,2,0
2020.01.31,0.0,baseline,6,3,0,0
2020.02.01,31.2,baseline,8,2,0,2
2020.02.02,41.4,baseline,9,4,1,2
2020.02.03,118.1,baseline,9,0,0,1
2020.02.04,78.1,baseline,13,3,0,1
2020.02.05,80.7,baseline,8,2,0,0
2020.02.06,95.2,baseline,8,2,0,0
2020.02.07,40.5,baseline,10,4,0,3
2020.02.08,39.9,baseline,8,2,0,0
2020.02.09,22.8,baseline,9,3,0,0
2020.02.10,27.2,baseline,7,2,1,0
2020.02.11,22.9,baseline,7,1,2,1
2020.02.12,94.6,baseline,4,3,0,0
2020.02.13,114.6,baseline,7,1,0,2
2020.02.14,153.7,low risk,6,3,0,1
2020.02.15,111.6,baseline,7,2,0,0
2020.02.16,70.1,baseline,7,2,1,4
2020.02.17,86.4,baseline,4,1,0,0
2020.02.18,29.0,baseline,8,2,0,3
2020.02.19,44.6,baseline,6,1,0,0
2020.02.20,52.6,baseline,9,2,1,0
2020.02.21,1.8,baseline,12,2,2,0
2020.02.22,86.3,baseline,7,3,0,1
2020.02.23,100.6,baseline,8,1,0,0
2020.02.24,68.5,baseline,9,1,0,1
2020.02.25,92.7,baseline,8,1,0,0
2020.02.26,67.4,baseline,5,0,0,0
2020.02.27,139.3,baseline,7,1,0,1
2020.02.28,126.7,baseline,11,6,0,0
2020.02.29,160.6,low risk,3,0,0,0
2020.03.01,219.8,low risk,10,5,0,1
2020.03.02,152.4,low risk,3,0,1,1
2020.03.03,124.1,baseline,7,3,0,1
2020.03.04,92.1,baseline,11,4,1,0
2020.03.05,75.8,baseline,5,1,0,1
2020.03.06,116.6,baseline,12,3,1,1
2020.03.07,144.1,baseline,10,6,0,2
2020.03.08,163.5,low risk,4,1,0,0
2020.03.09,133.6,baseline,6,1,0,0
2020.03.10,155.3,low risk,5,0,0,1
2020.03.11,91.3,baseline,7,4,0,0
2020.03.12,143.5,baseline,13,2,1,3
2020.03.13,81.6,baseline,6,1,1,0
2020.03.14,118.6,baseline,6,3,1,1
2020.03.15,77.3,baseline,7,1,1,0
2020.03.16,122.3,baseline,8,2,1,0
2020.03.17,130.5,baseline,11,2,0,0
2020.03.18,130.3,baseline,9,3,0,0
2020.03.19,131.9,baseline,8,2,1,0
2020.03.20,95.5,baseline,5,1,1,1
2020.03.21,53.5,baseline,5,0,0,1
2020.03.22,94.6,baseline,7,0,0,1
2020.03.23,70.2,baseline,10,1,0,3
2020.03.24,126.5,baseline,9,1,1,2
2020.03.25,189.0,low risk,11,1,1,1
2020.03.26,191.4,low risk,4,1,0,0
2020.03.27,171.9,low risk,13,2,0,0
2020.03.28,195.0,low risk,13,3,0,2
2020.03.29,226.7,low risk,9,4,0,1
2020.03.30,208.8,low risk,10,2,1,2
2020.03.31,186.6,low risk,12,3,0,3
2020.04.01,197.5,low risk,11,3,2,3
2020.04.02,243.0,low risk,8,2,0,1
2020.04.03,246.7,low risk,13,3,1,2
2020.04.04,261.1,low risk,16,5,0,2
2020.04.05,209.7,low risk,2,0,0,0
2020.04.06,158.5,low risk,6,4,0,1
2020.04.07,135.6,baseline,3,1,0,0
2020.04.08,105.1,baseline,11,2,0,1
2020.04.09,111.9,baseline,7,0,0,1
2020.04.10,79.7,baseline,7,2,1,1
2020.04.11,200.7,low risk,9,2,0,2
2020.04.12,150.4,low risk,7,3,1,0
2020.04.13,173.4,low risk,5,1,0,1
2020.04.14,162.8,low risk,11,3,0,1
2020.04.15,161.2,low risk,12,4,0,1
2020.04.16,184.2,low risk,7,2,2,1
2020.04.17,154.8,low risk,3,1,0,0
2020.04.18,164.8,low risk,6,1,0,0
2020.04.19,131.5,baseline,6,0,0,1
2020.04.20,97.1,baseline,13,3,0,0
2020.04.21,131.5,baseline,5,2,0,0
2020.04.22,128.7,baseline,15,2,1,0
2020.04.23,140.3,baseline,10,3,1,0
2020.04.24,131.3,baseline,13,3,2,2
2020.04.25,173.4,low risk,7,0,1,0
2020.04.26,169.7,low risk,14,2,1,0
2020.04.27,89.8,baseline,9,2,1,0
2020.04.28,82.9,baseline,7,4,2,1
2020.04.29,138.3,baseline,7,2,0,1
2020.04.30,171.4,low risk,13,4,1,2
2020.05.01,219.2,low risk,15,1,0,1
2020.05.02,209.9,low risk,15,1,0,0
2020.05.03,209.1,low risk,4,1,0,1
2020.05.04,214.0,low risk,6,1,0,0
2020.05.05,131.2,baseline,9,3,3,1
2020.05.06,175.1,low risk,7,2,0,1
2020.05.07,172.6,low risk,5,1,0,0
2020.05.08,156.8,low risk,10,1,0,1
2020.05.09,139.8,baseline,10,1,0,3
2020.05.10,204.3,low risk,6,1,0,2
2020.05.11,233.9,low risk,11,3,1,0
2020.05.12,129.4,baseline,7,2,0,0
2020.05.13,118.1,baseline,3,0,0,0
2020.05.14,152.8,low risk,6,1,0,1
2020.05.15,70.7,baseline,10,2,1,1
2020.05.16,113.7,baseline,9,2,0,1
2020.05.17,57.9,baseline,14,2,1,1
2020.05.18,65.5,baseline,8,2,0,1
2020.05.19,132.8,baseline,8,2,1,0
2020.05.20,112.3,baseline,5,2,0,0
2020.05.21,150.8,low risk,13,1,1,2
2020.05.22,153.6,low risk,8,4,1,3
2020.05.23,178.5,low risk,9,4,0,2
2020.05.24,144.4,baseline,10,0,0,0
2020.05.25,103.2,baseline,10,2,0,0
2020.05.26,126.9,baseline,9,5,1,1
2020.05.27,135.9,baseline,8,1,0,0
2020.05.28,90.3,baseline,6,1,1,0
2020.05.29,110.4,baseline,5,0,0,2
2020.05.30,76.9,baseline,3,0,1,0
2020.05.31,121.8,baseline,2,1,0,0
2020.06.01,118.5,baseline,8,2,0,0
2020.06.02,122.0,baseline,10,5,2,1
2020.06.03,150.6,low risk,7,1,0,1
2020.06.04,149.9,baseline,5,4,0,0
2020.06.05,149.5,baseline,12,6,0,1
2020.06.06,188.0,low risk,18,5,1,2
2020.06.07,206.4,low risk,10,3,0,3
2020.06.08,214.3,low risk,9,2,0,0
2020.06.09,145.8,baseline,11,2,0,1
2020.06.10,128.9,baseline,4,2,0,0
2020.06.11,114.4,baseline,8,2,1,1
2020.06.12,102.3,baseline,8,0,1,1
2020.06.13,117.4,baseline,13,8,0,2
2020.06.14,117.8,baseline,9,2,0,0
2020.06.15,154.0,low risk,14,1,0,3
2020.06.16,106.2,baseline,10,1,2,1
2020.06.17,80.3,baseline,8,1,2,0
2020.06.18,96.2,baseline,5,2,1,2
2020.06.19,107.0,baseline,14,2,1,1
2020.06.20,96.0,baseline,11,4,1,1
2020.06.21,110.5,baseline,6,2,0,0
2020.06.22,144.4,baseline,5,1,0,0
2020.06.23,89.7,baseline,6,1,0,0
2020.06.24,118.8,baseline,10,1,1,1
2020.06.25,146.2,baseline,9,1,0,0
2020.06.26,167.9,low risk,9,3,0,1
2020.06.27,200.4,low risk,10,5,1,0
2020.06.28,141.4,baseline,6,2,0,2
2020.06.29,114.5,baseline,7,0,0,1
2020.06.30,97.7,baseline,12,2,0,2
2020.07.01,95.0,baseline,6,2,0,0
2020.07.02,177.1,low risk,11,3,1,2
2020.07.03,115.5,baseline,5,1,0,1
2020.07.04,122.1,baseline,11,2,1,1
2020.07.05,57.4,baseline,5,1,0,0
2020.07.06,78.9,baseline,4,2,1,0
2020.07.07,75.7,baseline,8,2,0,0
2020.07.08,95.0,baseline,6,1,0,0
2020.07.09,79.7,baseline,6,3,0,0
2020.07.10,54.6,baseline,10,2,2,1
2020.07.11,70.1,baseline,7,4,1,0
2020.07.12,76.6,baseline,7,1,0,0
2020.07.13,56.7,baseline,10,3,1,0
2020.07.14,81.1,baseline,6,2,1,1
2020.07.15,37.0,baseline,8,3,1,1
2020.07.16,71.3,baseline,7,2,2,1
2020.07.17,96.2,baseline,7,1,1,0
2020.07.18,80.5,baseline,7,2,0,1
2020.07.19,128.4,baseline,11,2,2,1
2020.07.20,95.6,baseline,11,2,0,1
2020.07.21,35.0,baseline,7,3,0,0
2020.07.22,23.8,baseline,7,4,1,0
2020.07.23,49.9,baseline,9,3,0,0
2020.07.24,23.9,baseline,9,4,0,1
2020.07.25,81.1,baseline,12,3,1,2
2020.07.26,121.0,baseline,8,4,0,0
2020.07.27,137.4,baseline,12,4,1,0
2020.07.28,137.3,baseline,12,2,1,2
2020.07.29,164.8,low risk,4,1,0,0
2020.07.30,107.0,baseline,6,1,0,1
2020.07.31,105.7,baseline,7,2,0,0
2020.08.01,121.4,baseline,6,0,0,0
2020.08.02,92.1,baseline,7,2,0,1
2020.08.03,144.5,baseline,1,1,0,1
2020.08.04,158.9,low risk,5,1,0,3
2020.08.05,128.6,baseline,2,2,0,1
2020.08.06,79.1,baseline,8,3,0,1
2020.08.07,122.3,baseline,11,3,0,0
2020.08.08,105.7,baseline,8,3,0,1
2020.08.09,136.8,baseline,8,2,1,0
2020.08.10,116.0,baseline,7,3,0,0
2020.08.11,118.3,baseline,7,1,0,2
2020.08.12,82.5,baseline,6,2,0,2
2020.08.13,105.3,baseline,8,1,0,0
2020.08.14,151.4,low risk,11,3,1,2
2020.08.15,167.6,low risk,12,3,0,3
2020.08.16,129.9,baseline,9,2,0,0
2020.08.17,123.4,baseline,8,2,0,0
2020.08.18,133.4,baseline,6,2,0,1
2020.08.19,150.1,low risk,7,3,2,0
2020.08.20,99.0,baseline,14,4,0,2
2020.08.21,63.6,baseline,6,3,0,1
2020.08.22,101.9,baseline,8,1,0,3
2020.08.23,66.1,baseline,5,1,0,0
2020.08.24,65.9,baseline,6,0,0,0
2020.08.25,58.7,baseline,11,2,0,3
2020.08.26,8.1,baseline,9,1,0,0
2020.08.27,35.5,baseline,4,0,0,0
2020.08.28,0.0,baseline,8,3,1,1
2020.08.29,0.0,baseline,10,3,0,1
2020.08.30,59.5,baseline,8,1,1,1
2020.08.31,0.0,baseline,6,1,2,2
2020.09.01,0.0,baseline,7,2,0,0
2020.09.02,0.0,baseline,5,1,0,0
2020.09.03,3.4,baseline,7,2,2,2
2020.09.04,59.2,baseline,10,0,2,0
2020.09.05,70.2,baseline,9,5,0,0
2020.09.06,132.0,baseline,9,1,0,2
2020.09.07,119.5,baseline,7,5,0,4
2020.09.08,54.8,baseline,5,4,0,0
2020.09.09,0.0,baseline,4,1,1,2
2020.09.10,37.4,baseline,9,1,1,0
2020.09.11,36.7,baseline,4,2,0,2
2020.09.12,33.1,baseline,6,0,0,1
2020.09.13,88.2,baseline,10,2,0,0
2020.09.14,119.9,baseline,12,2,1,0
2020.09.15,129.2,baseline,11,5,0,0
2020.09.16,114.1,baseline,6,2,0,0
2020.09.17,69.0,baseline,9,3,0,1
2020.09.18,120.4,baseline,7,1,0,0
2020.09.19,117.2,baseline,10,1,0,1
2020.09.20,130.9,baseline,13,4,1,3
2020.09.21,146.5,baseline,9,3,1,0
2020.09.22,149.3,baseline,8,2,2,1
2020.09.23,181.3,low risk,7,3,0,1
2020.09.24,97.0,baseline,13,2,2,0
2020.09.25,97.7,baseline,5,0,2,0
2020.09.26,87.6,baseline,5,0,0,1
2020.09.27,37.8,baseline,9,2,0,1
2020.09.28,58.7,baseline,12,4,1,0
2020.09.29,41.0,baseline,10,0,1,0
2020.09.30,158.4,low risk,7,1,0,0
2020.10.01,157.1,low risk,6,1,1,0
2020.10.02,189.6,low risk,11,1,0,1
2020.10.03,178.2,low risk,11,3,1,2
2020.10.04,167.6,low risk,16,4,0,2
2020.10.05,161.0,low risk,13,2,1,0
2020.10.06,153.3,low risk,16,4,1,0
2020.10.07,101.5,baseline,7,2,0,0
2020.10.08,102.2,baseline,9,2,0,0
2020.10.09,101.2,baseline,5,1,0,1
2020.10.10,119.7,baseline,7,2,1,1
2020.10.11,124.3,baseline,5,1,0,1
2020.10.12,50.4,baseline,9,4,1,2
2020.10.13,71.6,baseline,8,4,0,2
2020.10.14,45.0,baseline,4,0,0,0
2020.10.15,36.3,baseline,10,2,0,2
2020.10.16,0.0,baseline,4,2,0,0
2020.10.17,52.1,baseline,8,3,0,1
2020.10.18,103.2,baseline,7,2,0,0
2020.10.19,72.5,baseline,11,2,0,0
2020.10.20,65.4,baseline,6,0,0,2
2020.10.21,68.3,baseline,12,4,1,0
2020.10.22,44.8,baseline,3,0,0,1
2020.10.23,33.9,baseline,7,0,1,1
2020.10.24,108.5,baseline,7,2,0,2
2020.10.25,161.0,low risk,8,0,0,1
2020.10.26,152.5,low risk,8,0,0,1
2020.10.27,178.6,low risk,5,1,0,1
2020.10.28,161.1,low risk,5,0,0,2
2020.10.29,175.2,low risk,6,0,0,1
2020.10.30,123.9,baseline,9,1,0,1
2020.10.31,223.8,low risk,4,1,0,0
2020.11.01,140.2,baseline,8,2,0,0
2020.11.02,157.4,low risk,5,1,0,1
2020.11.03,148.6,baseline,11,1,0,3
2020.11.04,126.1,baseline,6,1,1,1
2020.11.05,147.8,baseline,9,0,1,2
2020.11.06,103.3,baseline,5,1,1,0
2020.11.07,134.3,baseline,7,0,1,0
2020.11.08,152.6,low risk,13,3,1,2
2020.11.09,134.6,baseline,10,0,2,2
2020.11.10,147.9,baseline,4,0,0,0
2020.11.11,191.5,low risk,9,3,1,0
2020.11.12,212.2,low risk,10,1,1,0
2020.11.13,225.4,low risk,10,3,0,1
2020.11.14,237.1,low risk,7,2,1,1
2020.11.15,196.0,low risk,9,1,2,1
2020.11.16,179.8,low risk,10,3,1,1
2020.11.17,142.2,baseline,6,1,1,1
2020.11.18,211.9,low risk,9,4,1,2
2020.11.19,165.7,low risk,5,2,0,1
2020.11.20,154.3,low risk,10,2,3,2
2020.11.21,148.3,baseline,17,6,2,2
2020.11.22,82.9,baseline,8,0,1,1
2020.11.23,129.6,baseline,6,4,0,0
2020.11.24,132.9,baseline,5,3,0,1
2020.11.25,218.2,low risk,9,2,0,2
2020.11.26,211.2,low risk,8,3,0,2
2020.11.27,189.8,low risk,14,1,0,0
2020.11.28,194.6,low risk,6,0,0,1
2020.11.29,185.3,low risk,4,1,0,2
2020.11.30,147.5,baseline,6,1,0,0
2020.12.01,91.9,baseline,4,0,0,0
2020.12.02,142.9,baseline,6,2,0,0
2020.12.03,59.0,baseline,6,3,0,2
2020.12.04,8.7,baseline,7,3,1,1
2020.12.05,14.9,baseline,6,0,0,0
2020.12.06,90.2,baseline,7,4,0,0
2020.12.07,90.5,baseline,9,0,0,0
2020.12.08,121.5,baseline,6,1,1,0
2020.12.09,93.3,baseline,12,5,2,5
2020.12.10,84.7,baseline,10,3,0,0
2020.12.11,177.2,low risk,11,4,1,1
2020.12.12,121.3,baseline,6,2,0,1
2020.12.13,77.1,baseline,4,1,0,1
2020.12.14,83.0,baseline,8,1,1,0
2020.12.15,90.5,baseline,11,2,3,0
2020.12.16,88.7,baseline,7,1,0,2
2020.12.17,119.7,baseline,6,2,0,0
2020.12.18,110.5,baseline,5,0,1,0
2020.12.19,115.0,baseline,12,3,0,1
2020.12.20,112.8,baseline,9,0,1,1
2020.12.21,90.4,baseline,7,2,2,0
2020.12.22,63.8,baseline,6,2,0,1
2020.12.23,42.9,baseline,7,0,0,1
2020.12.24,54.3,baseline,10,2,0,0
2020.12.25,0.7,baseline,5,0,0,1
2020.12.26,25.1,baseline,10,4,0,1
2020.12.27,67.9,baseline,7,2,0,0
2020.12.28,106.5,baseline,8,2,2,0
2020.12.29,161.3,low risk,3,0,0,0
2020.12.30,158.8,low risk,7,1,0,1
2020.12.31,96.1,baseline,8,1,0,1
2021.01.01,123.7,baseline,11,1,2,1
2021.01.02,118.7,baseline,4,1,0,0
2021.01.03,131.3,baseline,9,2,2,1
2021.01.04,157.7,low risk,3,1,0,0
2021.01.05,117.5,baseline,14,4,1,0
2021.01.06,169.0,low risk,6,1,1,2
2021.01.07,222.4,low risk,7,2,1,0
2021.01.08,188.9,low risk,6,2,1,1
2021.01.09,150.6,low risk,6,0,0,0
2021.01.10,181.2,low risk,12,3,0,1
2021.01.11,162.5,low risk,10,4,0,2
2021.01.12,174.4,low risk,8,2,0,1
2021.01.13,163.4,low risk,12,3,0,0
2021.01.14,196.9,low risk,3,1,0,1
2021.01.15,213.3,low risk,12,5,2,0
2021.01.16,183.2,low risk,13,4,2,0
2021.01.17,139.5,baseline,4,2,0,0
2021.01.18,162.9,low risk,8,0,1,0
2021.01.19,159.6,low risk,8,2,1,1
2021.01.20,95.5,baseline,7,3,0,3
2021.01.21,87.9,baseline,6,1,1,1
2021.01.22,95.2,baseline,9,1,1,1
2021.01.23,126.4,baseline,8,1,0,0
2021.01.24,162.1,low risk,11,3,0,0
2021.01.25,137.1,baseline,9,2,0,2
2021.01.26,152.6,low risk,8,5,2,0
2021.01.27,139.9,baseline,5,1,0,0
2021.01.28,203.7,low risk,11,5,1,1
2021.01.29,202.3,low risk,11,2,0,0
2021.01.30,141.3,baseline,6,1,0,0
2021.01.31,127.4,baseline,8,3,0,1
2021.02.01,134.5,baseline,12,2,0,0
2021.02.02,96.6,baseline,11,2,2,1
2021.02.03,92.6,baseline,12,2,0,1
2021.02.04,83.7,baseline,9,2,0,0
2021.02.05,40.6,baseline,7,0,0,0
2021.02.06,55.6,baseline,5,2,0,1
2021.02.07,49.5,baseline,10,1,0,0
2021.02.08,85.3,baseline,7,4,0,1
2021.02.09,161.5,low risk,9,1,0,2
2021.02.10,127.1,baseline,6,0,0,0
2021.02.11,150.7,low risk,4,0,0,1
2021.02.12,165.2,low risk,8,2,0,2
2021.02.13,187.7,low risk,10,4,0,0
2021.02.14,115.5,baseline,11,3,1,1
2021.02.15,167.8,low risk,6,2,0,0
2021.02.16,109.8,baseline,10,0,1,0
2021.02.17,126.1,baseline,10,1,1,0
2021.02.18,158.5,low risk,6,2,0,0
2021.02.19,110.7,baseline,8,1,2,0
2021.02.20,65.2,baseline,8,3,0,1
2021.02.21,44.0,baseline,8,0,0,0
2021.02.22,35.7,baseline,11,3,0,0
2021.02.23,35.5,baseline,13,6,0,1
2021.02.24,25.9,baseline,6,1,0,0
2021.02.25,43.5,baseline,6,2,0,0
2021.02.26,94.4,baseline,10,2,0,0
2021.02.27,90.4,baseline,3,1,0,0
2021.02.28,53.7,baseline,6,2,1,0
2021.03.01,25.6,baseline,8,3,1,0
2021.03.02,43.5,baseline,6,0,0,0
2021.03.03,77.1,baseline,8,1,0,0
2021.03.04,134.8,baseline,11,3,0,1
2021.03.05,119.6,baseline,6,2,1,1
2021.03.06,126.9,baseline,7,1,1,0
2021.03.07,85.4,baseline,6,3,0,2
2021.03.08,64.2,baseline,10,2,0,1
2021.03.09,180.9,low risk,8,3,1,0
2021.03.10,118.1,baseline,8,0,0,2
2021.03.11,115.8,baseline,11,4,0,2
2021.03.12,67.7,baseline,6,1,1,0
2021.03.13,37.6,baseline,7,3,0,1
2021.03.14,28.1,baseline,6,2,0,0
2021.03.15,50.7,baseline,7,2,0,2
2021.03.16,13.8,baseline,8,0,0,0
2021.03.17,39.2,baseline,7,2,0,0
2021.03.18,55.7,baseline,10,7,1,0
2021.03.19,132.1,baseline,6,2,1,0
2021.03.20,115.6,baseline,9,2,1,1
2021.03.21,66.8,baseline,10,1,0,2
2021.03.22,83.4,baseline,7,1,1,1
2021.03.23,143.0,baseline,9,2,1,2
2021.03.24,113.6,baseline,10,2,3,0
2021.03.25,150.3,low risk,9,2,1,0
2021.03.26,81.4,baseline,7,2,0,0
2021.03.27,177.6,low risk,8,2,1,0
2021.03.28,176.1,low risk,8,2,0,1
2021.03.29,157.2,low risk,4,0,1,1
2021.03.30,184.7,low risk,3,0,0,0
2021.03.31,140.4,baseline,9,1,0,2
2021.04.01,154.1,low risk,5,2,0,0
2021.04.02,165.0,low risk,4,0,0,1
2021.04.03,161.8,low risk,7,1,0,0
2021.04.04,194.2,low risk,5,1,0,1
2021.04.05,224.4,low risk,6,1,1,0
2021.04.06,195.8,low risk,12,5,2,0
2021.04.07,222.0,low risk,9,4,1,1
2021.04.08,178.0,low risk,13,3,1,1
2021.04.09,95.1,baseline,10,4,0,0
2021.04.10,81.9,baseline,9,4,2,0
2021.04.11,108.0,baseline,9,2,1,1
2021.04.12,122.1,baseline,3,1,1,0
2021.04.13,115.7,baseline,10,1,1,3
2021.04.14,124.9,baseline,5,0,0,2
2021.04.15,93.6,baseline,8,2,1,2
2021.04.16,128.8,baseline,4,0,0,0
2021.04.17,171.6,low risk,7,0,1,0
2021.04.18,39.2,baseline,8,3,0,1
2021.04.19,44.8,baseline,11,2,0,0
2021.04.20,86.1,baseline,7,0,0,1
2021.04.21,109.1,baseline,4,2,0,2
2021.04.22,176.0,low risk,5,2,0,0
2021.04.23,215.6,low risk,6,1,0,0
2021.04.24,229.6,low risk,7,3,0,1
2021.04.25,199.5,low risk,13,3,1,0
2021.04.26,249.0,low risk,8,3,0,1
2021.04.27,227.1,low risk,5,2,0,1
2021.04.28,283.3,low risk,8,1,0,0
2021.04.29,207.5,low risk,9,4,0,0
2021.04.30,196.4,low risk,10,0,0,2
2021.05.01,194.4,low risk,11,4,0,0
2021.05.02,195.2,low risk,8,0,0,1
2021.05.03,153.2,low risk,13,2,2,2
2021.05.04,62.9,baseline,9,3,0,0
2021.05.05,114.4,baseline,7,2,1,1
2021.05.06,175.7,low risk,7,1,0,0
2021.05.07,124.1,baseline,5,4,0,0
2021.05.08,101.5,baseline,9,3,1,1
2021.05.09,162.4,low risk,7,5,1,4
2021.05.10,214.8,low risk,8,0,0,0
2021.05.11,187.4,low risk,9,4,1,0
2021.05.12,190.0,low risk,6,0,0,0
2021.05.13,200.3,low risk,5,0,1,1
2021.05.14,219.7,low risk,5,0,0,0
2021.05.15,206.6,low risk,12,4,0,2
2021.05.16,273.7,low risk,9,2,1,0
2021.05.17,174.2,low risk,3,1,0,0
2021.05.18,146.5,baseline,9,4,0,0
2021.05.19,187.7,low risk,7,2,1,0
2021.05.20,124.1,baseline,7,2,1,0
2021.05.21,102.4,baseline,5,0,1,1
2021.05.22,143.3,baseline,7,1,0,1
2021.05.23,124.2,baseline,10,3,1,1
2021.05.24,155.4,low risk,4,3,0,0
2021.05.25,113.6,baseline,10,4,1,0
2021.05.26,142.7,baseline,3,1,0,0
2021.05.27,180.3,low risk,3,1,0,0
2021.05.28,153.6,low risk,9,2,0,0
2021.05.29,90.5,baseline,11,2,1,1
2021.05.30,81.6,baseline,8,2,1,0
2021.05.31,39.7,baseline,7,2,1,2
2021.06.01,109.5,baseline,5,0,0,0
2021.06.02,96.9,baseline,3,1,0,0
2021.06.03,84.0,baseline,7,1,1,1
2021.06.04,44.2,baseline,10,4,0,1
2021.06.05,111.2,baseline,13,2,0,0
2021.06.06,140.8,baseline,9,3,1,2
2021.06.07,161.2,low risk,7,2,0,1
2021.06.08,135.3,baseline,5,0,0,1
2021.06.09,154.2,low risk,16,5,1,4
2021.06.10,157.7,low risk,9,2,0,2
2021.06.11,178.4,low risk,5,2,1,2
2021.06.12,149.0,baseline,14,3,0,1
2021.06.13,165.8,low risk,10,4,0,2
2021.06.14,138.3,baseline,5,1,0,0
2021.06.15,153.4,low risk,10,5,1,1
2021.06.16,227.1,low risk,9,6,1,0
2021.06.17,186.0,low risk,8,2,1,0
2021.06.18,143.9,baseline,8,3,1,0
2021.06.19,133.5,baseline,9,2,0,0
2021.06.20,166.1,low risk,10,3,0,1
2021.06.21,105.5,baseline,10,0,1,1
2021.06.22,125.5,baseline,7,1,0,1
2021.06.23,131.0,baseline,6,4,1,1
2021.06.24,91.1,baseline,8,3,0,1
2021.06.25,97.4,baseline,12,3,2,3
2021.06.26,93.7,baseline,8,2,0,0
2021.06.27,85.9,baseline,8,0,1,0
2021.06.28,63.3,baseline,8,2,0,2
2021.06.29,71.8,baseline,8,2,0,0
2021.06.30,21.4,baseline,10,1,0,3
2021.07.01,19.0,baseline,12,4,0,1
2021.07.02,129.8,baseline,10,1,1,0
2021.07.03,117.8,baseline,8,2,1,2
2021.07.04,50.5,baseline,5,1,0,1
2021.07.05,33.5,baseline,12,1,2,0
2021.07.06,70.5,baseline,7,0,0,2
2021.07.07,36.7,baseline,8,2,0,0
2021.07.08,74.5,baseline,11,7,2,2
2021.07.09,65.4,baseline,12,2,0,2
2021.07.10,25.0,baseline,7,0,1,1
2021.07.11,26.9,baseline,9,4,0,1
2021.07.12,12.6,baseline,11,0,0,2
2021.07.13,85.6,baseline,4,1,0,0
2021.07.14,71.9,baseline,8,1,0,1
2021.07.15,48.5,baseline,9,1,0,1
2021.07.16,104.7,baseline,5,0,0,1
2021.07.17,111.7,baseline,6,2,0,0
2021.07.18,77.4,baseline,3,2,0,0
2021.07.19,55.8,baseline,6,1,0,0
2021.07.20,73.8,baseline,9,1,0,0
2021.07.21,81.3,baseline,9,2,0,1
2021.07.22,128.5,baseline,7,2,0,0
2021.07.23,160.5,low risk,7,2,0,1
2021.07.24,98.3,baseline,12,3,0,2
2021.07.25,131.0,baseline,11,3,0,3
2021.07.26,120.8,baseline,10,0,1,2
2021.07.27,77.5,baseline,8,3,0,0
2021.07.28,32.0,baseline,6,0,1,0
2021.07.29,22.9,baseline,9,1,0,1
2021.07.30,63.5,baseline,13,1,1,1
2021.07.31,89.3,baseline,5,3,0,0
2021.08.01,26.7,baseline,8,4,0,2
2021.08.02,20.9,baseline,8,2,0,1
2021.08.03,42.6,baseline,8,1,2,1
2021.08.04,1.6,baseline,9,2,0,0
2021.08.05,31.2,baseline,5,3,0,0
2021.08.06,12.2,baseline,11,4,1,1
2021.08.07,46.2,baseline,6,2,0,3
2021.08.08,94.8,baseline,6,3,0,0
2021.08.09,62.9,baseline,15,3,2,0
2021.08.10,82.0,baseline,13,4,2,1
2021.08.11,100.5,baseline,13,4,1,2
2021.08.12,128.0,baseline,9,3,0,1
2021.08.13,179.1,low risk,6,2,0,0
2021.08.14,134.5,baseline,8,1,0,2
2021.08.15,150.8,low risk,4,0,0,0
2021.08.16,179.0,low risk,3,2,0,0
2021.08.17,207.2,low risk,4,1,0,0
2021.08.18,157.0,low risk,4,1,1,0
2021.08.19,153.4,low risk,5,4,1,0
2021.08.20,201.8,low risk,8,1,2,0
2021.08.21,169.4,low risk,4,3,0,0
2021.08.22,156.0,low risk,5,2,1,0
2021.08.23,185.2,low risk,5,1,0,1
2021.08.24,162.1,low risk,8,4,0,0
2021.08.25,121.7,baseline,5,1,0,0
2021.08.26,146.7,baseline,8,3,1,2
2021.08.27,177.5,low risk,9,4,0,1
2021.08.28,146.6,baseline,14,3,1,3
2021.08.29,116.6,baseline,7,1,0,0
2021.08.30,83.4,baseline,12,1,2,2
2021.08.31,98.3,baseline,5,2,0,0
2021.09.01,120.6,baseline,4,2,0,0
2021.09.02,116.3,baseline,6,2,0,1
2021.09.03,157.6,low risk,9,1,0,1
2021.09.04,204.3,low risk,6,1,0,0
2021.09.05,219.7,low risk,4,2,0,1
2021.09.06,185.4,low risk,7,3,0,1
2021.09.07,209.4,low risk,4,0,0,1
2021.09.08,197.0,low risk,5,0,0,0
2021.09.09,113.2,baseline,7,3,1,0
2021.09.10,145.4,baseline,13,2,1,1
2021.09.11,162.7,low risk,10,3,1,0
2021.09.12,208.8,low risk,12,7,0,1
2021.09.13,210.0,low risk,5,0,1,1
2021.09.14,295.0,low risk,7,1,0,0
2021.09.15,313.6,elevated risk signals,6,1,0,0
2021.09.16,335.8,elevated risk signals,7,2,1,1
2021.09.17,309.9,elevated risk signals,12,5,2,0
2021.09.18,266.7,low risk,6,1,2,0
2021.09.19,321.2,elevated risk signals,6,1,3,0
2021.09.20,285.5,low risk,7,2,1,1
2021.09.21,320.3,elevated risk signals,13,7,3,0
2021.09.22,328.0,elevated risk signals,12,8,2,2
2021.09.23,402.3,elevated risk signals,11,5,2,1
2021.09.24,438.3,elevated risk signals,14,8,9,1
2021.09.25,453.4,elevated risk signals,15,12,8,1
2021.09.26,563.2,regulation tightening,16,9,5,0
2021.09.27,506.2,regulation tightening,7,3,5,1
2021.09.28,566.2,regulation tightening,8,5,2,0
2021.09.29,566.5,regulation tightening,14,7,11,0
2021.09.30,605.2,regulation tightening,6,2,5,0
2021.10.01,642.4,regulation tightening,11,5,10,1
2021.10.02,663.8,regulation tightening,6,5,4,0
2021.10.03,660.6,regulation tightening,10,5,7,3
2021.10.04,676.6,regulation tightening,15,11,7,1
2021.10.05,681.8,regulation tightening,20,13,7,2
2021.10.06,668.2,regulation tightening,11,6,8,0
2021.10.07,702.3,acute spike,10,10,5,0
2021.10.08,744.3,acute spike,15,10,11,1
2021.10.09,708.9,acute spike,11,11,11,1
2021.10.10,741.6,acute spike,15,11,11,1
2021.10.11,699.4,regulation tightening,4,4,3,0
2021.10.12,688.1,regulation tightening,10,7,7,1
2021.10.13,738.8,acute spike,9,4,6,0
2021.10.14,695.5,regulation tightening,10,6,6,0
2021.10.15,653.9,regulation tightening,21,16,16,2
2021.10.16,669.4,regulation tightening,18,15,14,0
2021.10.17,696.9,regulation tightening,14,6,12,0
2021.10.18,689.7,regulation tightening,13,6,10,0
2021.10.19,594.4,regulation tightening,9,7,7,0
2021.10.20,621.2,regulation tightening,8,7,6,0
2021.10.21,646.2,regulation tightening,13,10,8,1
2021.10.22,679.6,regulation tightening,23,13,20,1
2021.10.23,665.9,regulation tightening,10,9,9,0
2021.10.24,618.3,regulation tightening,10,4,6,1
2021.10.25,623.8,regulation tightening,9,6,7,0
2021.10.26,615.9,regulation tightening,9,6,7,2
2021.10.27,628.3,regulation tightening,12,10,9,0
2021.10.28,666.1,regulation tightening,10,5,8,2
2021.10.29,684.1,regulation tightening,10,6,7,2
2021.10.30,662.5,regulation tightening,14,11,8,2
2021.10.31,678.7,regulation tightening,9,7,7,0
2021.11.01,657.3,regulation tightening,10,8,9,0
2021.11.02,589.2,regulation tightening,14,9,10,2
2021.11.03,579.3,regulation tightening,12,7,10,1
2021.11.04,624.7,regulation tightening,13,10,8,0
2021.11.05,651.9,regulation tightening,11,8,7,1
2021.11.06,676.1,regulation tightening,12,8,8,0
2021.11.07,750.0,acute spike,7,4,4,0
2021.11.08,727.6,acute spike,19,13,13,2
2021.11.09,749.2,acute spike,17,14,10,0
2021.11.10,694.0,regulation tightening,11,6,8,0
2021.11.11,711.2,acute spike,7,4,3,0
2021.11.12,675.7,regulation tightening,10,8,6,0
2021.11.13,696.3,regulation tightening,14,10,11,1
2021.11.14,713.9,acute spike,11,7,9,0
2021.11.15,718.1,acute spike,14,7,11,0
2021.11.16,710.6,acute spike,12,8,11,1
2021.11.17,650.0,regulation tightening,6,2,6,1
2021.11.18,670.1,regulation tightening,6,1,6,1
2021.11.19,668.0,regulation tightening,13,9,8,0
2021.11.20,680.4,regulation tightening,14,9,11,1
2021.11.21,676.1,regulation tightening,22,13,17,1
2021.11.22,686.0,regulation tightening,9,6,7,0
2021.11.23,726.9,acute spike,16,8,14,0
2021.11.24,665.0,regulation tightening,18,12,12,1
2021.11.25,716.7,acute spike,11,8,6,1
2021.11.26,711.9,acute spike,10,5,9,1
2021.11.27,714.3,acute spike,11,5,8,0
2021.11.28,689.5,regulation tightening,9,6,6,1
2021.11.29,701.1,acute spike,7,4,5,1
2021.11.30,641.1,regulation tightening,10,3,5,0
2021.12.01,680.8,regulation tightening,9,5,5,0
2021.12.02,693.8,regulation tightening,15,7,11,1
2021.12.03,637.7,regulation tightening,12,5,8,1
2021.12.04,706.0,acute spike,19,16,12,0
2021.12.05,657.5,regulation tightening,10,5,6,0
2021.12.06,639.9,regulation tightening,10,9,4,2
2021.12.07,667.0,regulation tightening,14,7,12,1
2021.12.08,669.3,regulation tightening,12,8,10,3
2021.12.09,661.5,regulation tightening,8,3,6,1
2021.12.10,633.4,regulation tightening,10,6,7,0
2021.12.11,637.7,regulation tightening,14,11,12,0
2021.12.12,674.6,regulation tightening,14,10,8,0
2021.12.13,697.5,regulation tightening,13,10,10,1
2021.12.14,645.1,regulation tightening,15,11,8,1
2021.12.15,623.7,regulation tightening,11,10,8,1
2021.12.16,686.5,regulation tightening,10,9,9,2
2021.12.17,663.0,regulation tightening,12,8,8,1
2021.12.18,679.6,regulation tightening,16,12,12,2
2021.12.19,660.1,regulation tightening,6,3,4,0
2021.12.20,620.9,regulation tightening,13,9,8,1
2021.12.21,591.4,regulation tightening,15,7,10,3
2021.12.22,639.5,regulation tightening,12,9,8,1
2021.12.23,620.2,regulation tightening,11,7,9,0
2021.12.24,677.0,regulation tightening,20,13,11,1
2021.12.25,662.6,regulation tightening,12,5,11,3
2021.12.26,673.8,regulation tightening,14,8,11,1
2021.12.27,609.0,regulation tightening,16,9,14,0
2021.12.28,579.1,regulation tightening,9,7,7,0
2021.12.29,608.8,regulation tightening,13,9,8,0
2021.12.30,590.8,regulation tightening,14,9,11,1
2021.12.31,626.7,regulation tightening,18,11,12,0
2022.01.01,670.1,regulation tightening,14,9,13,1
2022.01.02,655.1,regulation tightening,7,5,6,0
2022.01.03,687.3,regulation tightening,18,12,13,2
2022.01.04,680.1,regulation tightening,19,13,14,0
2022.01.05,717.7,acute spike,10,8,9,1
2022.01.06,749.6,acute spike,13,9,8,1
2022.01.07,690.1,regulation tightening,11,6,7,1
2022.01.08,653.9,regulation tightening,11,8,9,0
2022.01.09,657.6,regulation tightening,14,10,9,0
2022.01.10,637.0,regulation tightening,14,7,11,2
2022.01.11,623.9,regulation tightening,11,8,9,0
2022.01.12,651.5,regulation tightening,10,8,7,0
2022.01.13,703.3,acute spike,12,5,7,1
2022.01.14,723.5,acute spike,15,10,9,1
2022.01.15,718.9,acute spike,10,8,8,0
2022.01.16,753.9,acute spike,13,9,10,0
2022.01.17,717.6,acute spike,11,6,9,1
2022.01.18,758.3,acute spike,15,10,12,0
2022.01.19,729.5,acute spike,10,4,6,1
2022.01.20,761.6,acute spike,16,6,13,2
2022.01.21,715.5,acute spike,5,3,5,0
2022.01.22,688.7,regulation tightening,11,8,9,2
2022.01.23,701.7,acute spike,12,7,6,0
2022.01.24,678.5,regulation tightening,9,6,6,0
2022.01.25,675.9,regulation tightening,14,8,10,1
2022.01.26,726.2,acute spike,9,6,7,1
2022.01.27,726.1,acute spike,13,10,8,1
2022.01.28,726.0,acute spike,15,7,11,0
2022.01.29,672.9,regulation tightening,16,13,12,0
2022.01.30,674.6,regulation tightening,14,7,11,1
2022.01.31,713.2,acute spike,12,8,7,0
2022.02.01,742.5,acute spike,5,3,4,1
2022.02.02,711.3,acute spike,15,9,10,0
2022.02.03,692.3,regulation tightening,9,5,6,0
2022.02.04,666.1,regulation tightening,15,9,9,2
2022.02.05,628.4,regulation tightening,21,13,15,1
2022.02.06,664.4,regulation tightening,10,6,8,0
2022.02.07,697.6,regulation tightening,11,5,9,1
2022.02.08,733.9,acute spike,11,2,7,1
2022.02.09,716.1,acute spike,20,15,13,3
2022.02.10,721.7,acute spike,12,9,8,2
2022.02.11,670.8,regulation tightening,6,3,4,0
2022.02.12,725.1,acute spike,10,9,6,1
2022.02.13,678.3,regulation tightening,17,11,10,0
2022.02.14,668.3,regulation tightening,10,7,7,0
2022.02.15,656.6,regulation tightening,16,11,10,1
2022.02.16,608.4,regulation tightening,15,8,9,0
2022.02.17,543.2,regulation tightening,12,5,9,1
2022.02.18,599.1,regulation tightening,13,8,8,2
2022.02.19,560.3,regulation tightening,19,9,13,0
2022.02.20,533.2,regulation tightening,15,9,10,1
2022.02.21,549.6,regulation tightening,12,6,7,2
2022.02.22,553.5,regulation tightening,12,5,9,0
2022.02.23,541.5,regulation tightening,9,5,4,0
2022.02.24,526.9,regulation tightening,15,11,7,0
2022.02.25,522.3,regulation tightening,14,9,9,3
2022.02.26,573.9,regulation tightening,14,9,11,1
2022.02.27,589.9,regulation tightening,12,6,6,0
2022.02.28,612.4,regulation tightening,11,8,5,3
2022.03.01,585.7,regulation tightening,12,10,8,1
2022.03.02,602.8,regulation tightening,8,4,8,0
2022.03.03,551.7,regulation tightening,8,2,5,0
2022.03.04,448.3,elevated risk signals,5,3,2,0
2022.03.05,528.0,regulation tightening,6,2,3,0
2022.03.06,503.1,regulation tightening,15,5,8,1
2022.03.07,461.2,elevated risk signals,17,12,8,2
2022.03.08,486.9,elevated risk signals,7,5,4,0
2022.03.09,486.8,elevated risk signals,14,6,7,1
2022.03.10,446.5,elevated risk signals,7,4,1,2
2022.03.11,469.1,elevated risk signals,14,8,5,1
2022.03.12,483.7,elevated risk signals,10,4,5,0
2022.03.13,485.1,elevated risk signals,6,1,3,0
2022.03.14,449.7,elevated risk signals,13,8,6,1
2022.03.15,462.8,elevated risk signals,10,5,8,1
2022.03.16,523.3,regulation tightening,11,6,8,1
2022.03.17,529.3,regulation tightening,14,3,6,1
2022.03.18,510.2,regulation tightening,10,5,4,0
2022.03.19,479.9,elevated risk signals,5,3,2,0
2022.03.20,415.0,elevated risk signals,11,7,5,1
2022.03.21,347.1,elevated risk signals,8,3,6,0
2022.03.22,370.4,elevated risk signals,12,4,2,0
2022.03.23,416.3,elevated risk signals,12,4,7,1
2022.03.24,422.2,elevated risk signals,13,6,5,0
2022.03.25,412.0,elevated risk signals,14,9,9,2
2022.03.26,421.2,elevated risk signals,12,5,4,1
2022.03.27,414.7,elevated risk signals,14,9,5,1
2022.03.28,379.3,elevated risk signals,6,3,2,0
2022.03.29,355.7,elevated risk signals,13,8,7,2
2022.03.30,360.7,elevated risk signals,14,6,2,1
2022.03.31,379.2,elevated risk signals,9,3,1,0
2022.04.01,414.2,elevated risk signals,10,4,4,1
2022.04.02,433.3,elevated risk signals,14,8,3,2
2022.04.03,433.0,elevated risk signals,11,6,3,0
2022.04.04,434.4,elevated risk signals,13,3,3,0
2022.04.05,433.2,elevated risk signals,9,4,3,2
2022.04.06,394.3,elevated risk signals,7,2,3,2
2022.04.07,417.2,elevated risk signals,8,4,4,0
2022.04.08,394.4,elevated risk signals,11,5,2,0
2022.04.09,337.3,elevated risk signals,10,2,3,1
2022.04.10,334.1,elevated risk signals,7,4,3,0
2022.04.11,395.4,elevated risk signals,16,5,7,3
2022.04.12,451.8,elevated risk signals,5,3,1,0
2022.04.13,420.9,elevated risk signals,9,4,6,0
2022.04.14,372.1,elevated risk signals,11,5,4,0
2022.04.15,404.3,elevated risk signals,8,4,3,1
2022.04.16,446.8,elevated risk signals,12,8,3,1
2022.04.17,436.8,elevated risk signals,11,4,2,0
2022.04.18,427.4,elevated risk signals,2,0,0,0
2022.04.19,463.2,elevated risk signals,11,3,3,1
2022.04.20,469.8,elevated risk signals,10,6,3,1
2022.04.21,404.5,elevated risk signals,18,11,8,0
2022.04.22,418.7,elevated risk signals,13,7,4,0
2022.04.23,399.1,elevated risk signals,6,3,1,0
2022.04.24,395.1,elevated risk signals,9,7,2,0
2022.04.25,305.2,elevated risk signals,13,4,5,2
2022.04.26,274.8,low risk,7,2,2,0
2022.04.27,317.3,elevated risk signals,14,9,3,2
2022.04.28,297.8,low risk,9,4,2,0
2022.04.29,303.0,elevated risk signals,12,6,3,1
2022.04.30,294.9,low risk,7,2,3,1
2022.05.01,311.3,elevated risk signals,7,2,0,3
2022.05.02,349.8,elevated risk signals,8,2,2,0
2022.05.03,348.6,elevated risk signals,9,2,3,2
2022.05.04,298.0,low risk,11,7,2,0
2022.05.05,308.0,elevated risk signals,7,3,3,0
2022.05.06,323.5,elevated risk signals,7,3,1,0
2022.05.07,315.6,elevated risk signals,8,3,5,0
2022.05.08,325.0,elevated risk signals,11,3,3,0
2022.05.09,290.5,low risk,6,4,0,0
2022.05.10,333.7,elevated risk signals,10,2,2,2
2022.05.11,290.5,low risk,9,0,3,1
2022.05.12,305.6,elevated risk signals,7,4,1,2
2022.05.13,278.7,low risk,5,0,1,0
2022.05.14,245.3,low risk,8,2,2,1
2022.05.15,173.2,low risk,7,2,1,2
2022.05.16,193.5,low risk,4,2,0,0
2022.05.17,240.3,low risk,10,2,2,3
2022.05.18,255.6,low risk,5,2,3,1
2022.05.19,236.3,low risk,7,3,0,1
2022.05.20,289.8,low risk,12,5,3,3
2022.05.21,298.4,low risk,11,4,5,2
2022.05.22,258.0,low risk,9,3,3,0
2022.05.23,228.4,low risk,12,4,2,1
2022.05.24,231.1,low risk,12,5,3,3
2022.05.25,217.5,low risk,12,2,2,1
2022.05.26,222.0,low risk,5,2,1,0
2022.05.27,273.5,low risk,9,2,2,1
2022.05.28,239.4,low risk,12,3,4,2
2022.05.29,222.2,low risk,13,4,2,2
2022.05.30,247.2,low risk,9,3,2,0
2022.05.31,278.9,low risk,12,3,1,0
2022.06.01,331.1,elevated risk signals,13,3,5,0
2022.06.02,366.6,elevated risk signals,8,4,1,0
2022.06.03,330.8,elevated risk signals,13,4,5,0
2022.06.04,360.0,elevated risk signals,10,5,3,0
2022.06.05,327.6,elevated risk signals,9,2,1,2
2022.06.06,302.1,elevated risk signals,11,7,3,2
2022.06.07,290.8,low risk,7,4,2,0
2022.06.08,287.9,low risk,8,3,4,2
2022.06.09,248.1,low risk,6,4,0,0
2022.06.10,288.7,low risk,9,4,3,0
2022.06.11,282.2,low risk,6,2,0,1
2022.06.12,344.7,elevated risk signals,5,4,0,0
2022.06.13,362.2,elevated risk signals,6,2,1,1
2022.06.14,308.9,elevated risk signals,13,8,4,1
2022.06.15,285.3,low risk,10,5,3,0
2022.06.16,261.3,low risk,9,3,2,1
2022.06.17,268.1,low risk,9,5,3,0
2022.06.18,200.1,low risk,3,1,1,0
2022.06.19,202.5,low risk,7,1,0,0
2022.06.20,188.5,low risk,11,0,2,2
2022.06.21,226.8,low risk,11,5,5,0
2022.06.22,186.1,low risk,8,2,1,0
2022.06.23,183.7,low risk,7,2,1,0
2022.06.24,182.6,low risk,11,3,2,1
2022.06.25,209.3,low risk,5,1,2,1
2022.06.26,223.8,low risk,14,5,3,3
2022.06.27,195.7,low risk,5,2,0,0
2022.06.28,202.7,low risk,10,3,5,0
2022.06.29,187.8,low risk,12,5,2,1
2022.06.30,215.2,low risk,6,1,4,1
2022.07.01,233.0,low risk,8,4,2,0
2022.07.02,236.2,low risk,8,2,0,0
2022.07.03,325.0,elevated risk signals,6,1,1,0
2022.07.04,298.7,low risk,7,2,0,1
2022.07.05,310.4,elevated risk signals,8,5,3,0
2022.07.06,287.3,low risk,4,1,1,1
2022.07.07,323.1,elevated risk signals,8,3,1,0
2022.07.08,300.6,elevated risk signals,10,3,1,1
2022.07.09,288.5,low risk,11,4,3,1
2022.07.10,249.2,low risk,7,1,0,1
2022.07.11,236.0,low risk,11,4,1,0
2022.07.12,237.6,low risk,11,2,3,0
2022.07.13,250.4,low risk,3,1,0,0
2022.07.14,292.7,low risk,10,2,0,2
2022.07.15,283.1,low risk,1,1,0,0
2022.07.16,343.6,elevated risk signals,16,7,1,3
2022.07.17,349.2,elevated risk signals,7,2,0,2
2022.07.18,316.5,elevated risk signals,7,3,3,0
2022.07.19,326.0,elevated risk signals,4,1,1,0
2022.07.20,299.1,low risk,9,4,0,2
2022.07.21,254.3,low risk,16,3,4,3
2022.07.22,266.1,low risk,7,1,0,1
2022.07.23,258.0,low risk,10,3,3,2
2022.07.24,324.1,elevated risk signals,7,1,1,0
2022.07.25,422.3,elevated risk signals,7,2,0,1
2022.07.26,325.6,elevated risk signals,11,4,1,1
2022.07.27,261.8,low risk,8,2,1,1
2022.07.28,304.0,elevated risk signals,7,2,0,2
2022.07.29,236.4,low risk,10,4,1,3
2022.07.30,179.7,low risk,9,0,5,2
2022.07.31,112.0,baseline,6,2,1,0
2022.08.01,161.1,low risk,8,5,0,1
2022.08.02,139.3,baseline,10,2,0,5
2022.08.03,123.5,baseline,11,7,2,1
2022.08.04,170.6,low risk,14,3,3,1
2022.08.05,189.0,low risk,7,2,2,0
2022.08.06,158.3,low risk,11,7,1,1
2022.08.07,156.2,low risk,6,0,0,0
2022.08.08,175.7,low risk,7,2,1,0
2022.08.09,138.8,baseline,7,5,0,1
2022.08.10,80.6,baseline,9,3,1,0
2022.08.11,91.2,baseline,5,2,0,0
2022.08.12,173.2,low risk,9,3,0,0
2022.08.13,126.4,baseline,9,4,1,0
2022.08.14,194.8,low risk,7,1,0,0
2022.08.15,190.5,low risk,4,0,0,1
2022.08.16,225.5,low risk,10,3,3,2
2022.08.17,189.3,low risk,12,5,0,0
2022.08.18,209.1,low risk,7,1,0,0
2022.08.19,270.8,low risk,9,3,1,4
2022.08.20,277.3,low risk,10,4,0,0
2022.08.21,234.8,low risk,14,5,1,0
2022.08.22,206.8,low risk,6,2,1,1
2022.08.23,255.4,low risk,6,2,0,2
2022.08.24,289.3,low risk,6,2,2,0
2022.08.25,250.9,low risk,12,5,1,0
2022.08.26,238.1,low risk,12,2,3,2
2022.08.27,176.3,low risk,10,4,1,0
2022.08.28,113.8,baseline,3,0,0,0
2022.08.29,156.3,low risk,10,3,1,2
2022.08.30,214.8,low risk,8,1,1,1
2022.08.31,147.5,baseline,9,4,1,0
2022.09.01,190.4,low risk,6,3,2,1
2022.09.02,142.1,baseline,6,1,0,1
2022.09.03,97.9,baseline,9,2,0,0
2022.09.04,100.4,baseline,8,1,1,2
2022.09.05,108.4,baseline,9,2,3,1
2022.09.06,134.3,baseline,12,7,2,2
2022.09.07,144.3,baseline,2,0,0,1
2022.09.08,183.4,low risk,4,3,0,0
2022.09.09,237.2,low risk,6,3,1,0
2022.09.10,237.8,low risk,12,2,3,0
2022.09.11,237.6,low risk,8,1,3,1
2022.09.12,209.7,low risk,12,1,2,0
2022.09.13,243.4,low risk,7,1,1,0
2022.09.14,294.9,low risk,4,1,0,0
2022.09.15,194.2,low risk,5,3,1,0
2022.09.16,146.0,baseline,8,4,0,3
2022.09.17,122.5,baseline,6,1,0,0
2022.09.18,138.8,baseline,8,4,0,0
2022.09.19,137.0,baseline,3,0,0,1
2022.09.20,161.5,low risk,10,2,1,0
2022.09.21,139.0,baseline,7,3,0,0
2022.09.22,156.4,low risk,7,3,0,1
2022.09.23,171.3,low risk,6,2,1,1
2022.09.24,181.4,low risk,10,2,2,2
2022.09.25,165.1,low risk,7,1,0,0
